#	37.0	55.5	46.0	73.5	2026-10-05	© OpenStreetMap contributors, ODbL
n10048877678	38.630581	68.852664						
n10048911166	38.626133	68.852144						
n10053768522	41.424211	69.266758	Eshon xo‘ja ota jome’ masjidi					
n10054134290	41.248053	69.788278	Kungay jome’ masjidi					
n10058663108	41.000045	69.421253	Umar ibn Xattob jome’ masjidi					
n10059825703	40.975321	70.061508	Obliq jom`e masjidi	Соборная мечеть ОБЛИК				Ziyoratgoh ko'chasi, 30
n10069700242	40.005179	71.794160	Masjid					
n10095731794	40.997084	71.659991	Yaxyoxon to‘ra jome’ masjidi					To'raqo'rg'on ko'chasi, 64
n10095764368	40.989933	71.673792	Usta Kamol xoji jome' masjidi					O‘zbekiston ko‘chasi, 1
n10095786015	41.012790	71.691264	Miryoqubboy Mirxakimboy jome’ masjidi					S.Adashev ko'chasi, 123
n10095808746	41.002338	71.693386	Boqi Mirzo jome’ masjidi					Sharshara ko'chasi, 43
n10095876738	40.989374	71.697090	Mulla Ismoil jome’ masjidi					Shalola ko'chasi, 29
n10095877686	40.991702	71.687557	Hazrati Langar jome’ masjidi					Langar koʻchasi, 13
n10096016312	40.988640	71.650505	Homiddin qori jome’ masjidi					Axsi ko'chasi, 155
n10096023109	40.999122	71.653689	Abdulqodir qori jome’ masjidi					Toʻqayev koʻchasi, 2
n10096023805	40.978633	71.662660	Boqi polvon jome’ masjidi					Qoʻqon koʻchasi, 129
n10096318101	40.982205	71.617515	Abdurazzoq qozi jome’ masjidi					
n10096347912	40.986444	71.621854	Mirg‘oyib Eshon jome' masjidi					
n10096366612	41.021758	71.665654	Imom Buxoriy jome’ masjidi					Chamanzor koʻchasi, 10a
n10096382072	40.957117	71.623400	Tursun acha jome’ masjidi					
n10096432470	41.027034	71.674737	Forux jome’ masjidi					
n10096488257	41.013780	71.703578	Abu Xanifa jome' masjidi					Chortoq ko'chasi, 146
n10096514987	40.935116	71.620143	Nurtepa jome’ masjidi					
n10096538380	40.921947	71.691119	Beshkapa jome’ masjidi					
n10096543078	40.914972	71.715596	Shamsiddin vali jome’ masjidi					
n10096543079	40.925305	71.728688	Muxammad Siddiq jome’ masjidi					
n10096552732	40.889198	71.615778	Orifxon xoji jome’ masjidi					
n10096580795	40.952988	71.673642	Xalilxoji jome’ masjidi					
n10096595551	40.958429	71.564521	Mulla Sayfiddin jome’ masjidi					
n10096606221	40.900414	71.558355	Umarboy xoji jome’ masjidi					
n10142024853	41.026753	71.733826	Umarul Foruq jome' masjidi					
n10142024854	40.970400	71.692891	Shodibek jome' masjidi					Beshkapa ko'chasi, 62
n10142024855	40.981575	71.643053	Baxouddin Naqshband jome' masjidi					Naqshband ko'chasi, 45
n10142024856	40.991009	71.631545						
n10142474847	37.477204	57.290117	مسجد حضرت قائم (عج)					
n10144599423	37.456235	57.366241						
n10147475045	40.978688	71.600743	Muxammad panox jome' masjidi					
n10147475046	41.088173	71.633130	Said Sobitxon jome' masjidi					
n10147475047	41.039776	71.731582	Usmon Zunnurayn jome' masjidi					
n10147885607	41.009412	71.682376	Gʻoyibberdi Maxdum jome' masjidi					S.Adashev ko'chasi, 205
n10147885608	41.007680	71.686510	Ismoil maxdum jome' masjidi					Ismoil Maxdum koʻchasi
n10147885609	41.024406	71.723358	Usta Ismatullox jome' masjidi					Chortoq ko'chasi, 13
n10147885610	41.024681	71.569005	Muhammad Al-Amin jome' masjidi					
n10157276808	41.014788	71.765587	Mashxad mozor jome' masjidi					
n10157276809	41.065925	71.905416	Islom nuri jome' masjidi					
n10157276811	41.093350	72.011912						
n10157276812	41.007892	71.786874	Devona bobo jome' masjidi					
n10157276813	40.955952	71.811064	Obid qori xoji jome' masjidi					
n10157276814	40.943331	71.771406	Daxyak ota jome' masjidi					
n10157276815	40.910133	72.119728	Badriddin xoji jome' masjidi					
n10157276816	40.924528	72.032095	Qozoqovul jome' masjidi					
n10157279917	40.923520	72.012202	Abu Iso at-Termiziy jome' masjidi					
n10157279918	40.939287	71.968895	Axmadali jome' masjidi					
n10157279919	40.942565	71.989515	Shamsiddin eshon jome' masjidi					
n10157279920	40.989202	72.099514	Shahrixonchek jome' masjidi					
n10157279921	41.009692	72.056810	Qirgʻizboy oʻgʻli Egamberdi jome' masjidi					
n10167838724	41.128239	72.120284	Xoʻja Said jome' masjidi					
n10167838725	41.058933	72.024573	Sottiboy xalfa jome' masjidi					Qayqi
n10167838726	41.051835	72.019961	Nurmuxammad buva jome' masjidi					Qayqi
n10167838727	41.063711	72.029268	Qayqi qishlog'i yangi masjidi					
n10167838728	41.022426	72.106544	Muxammad Zarif jome' masjidi					Qo'g'ay
n10167838729	41.024385	72.118013						
n10167838730	41.024654	72.092125	Abdulxamid xoji Abduraxmon oʻgʻli jome' masjidi					Qo'g'ay
n10200937673	41.073962	71.818005	Abu Bakr Siddiq jome' masjidi					Chortoq
n10200937674	41.071134	71.802738	Zayd ibni Xorisa jome' masjidi					Chortoq
n10200937675	41.025867	71.840841						
n10200937676	41.195553	71.826955	Saroy jome' masjidi					
n10200937677	41.231172	71.825679	Alixon jome' masjidi					
n10200937678	41.289070	71.834155	Boltaboy oʻgʻli Mulla Umar jome' masjidi					
n10200937679	41.294446	71.840459	Xazrati ibni Abbos jome' masjidi					
n10200937680	41.323160	71.836932	Sulton Uvays Qoraniy jome' masjidi					
n10221684160	41.301910	71.676873	Eskiobod jome' masjidi					
n10221684161	41.279403	71.800594	Saidbobo Termiziy jome' masjidi					
n10221684162	41.220735	71.780199	Qayum ota jome' masjidi					
n10221684163	41.512243	71.701683	At-Termiziy jome' masjidi					
n10221684164	41.181893	71.732350	Qulluqtol jome' masjidi					
n10221684165	41.205495	71.705081	Toʻraqul xoji jome' masjidi					
n10221684166	41.229008	71.783483	Dorussalom jome' masjidi					
n10221684167	41.280647	71.817458	Bekobod jome' masjidi					
n10221684168	41.384573	71.735759	Poromon jome' masjidi					
n10221684169	41.483103	71.687470	Koʻkyor jome' masjidi					
n10221684180	41.125568	71.684600	Baxouddin pirim jome' masjidi					
n10221684181	41.063887	71.670231	Isoq xoji jome' masjidi					
n10221844084	41.223745	71.537479	Mulla Otaboy oxun jome' masjidi					
n10221844085	41.164802	71.505366	Imom Husayn jome' masjidi					
n10221844086	41.193707	71.506828	Buzuruk xoʻja jome' masjidi					
n10221844087	41.211232	71.542866	Eshon bobo jome' masjidi					
n10221844089	41.266016	71.581687	Abbosxon qozi jome' masjidi					
n10221844090	41.219526	71.493914	Shayx Zunnuni Misriy jome' masjidi					
n10221844091	41.103659	71.580108						
n10222514275	40.889388	71.506182	Xonaqox jome' masjidi					
n10222514276	40.900582	71.392329	Xoʻja kalon Abdulmoniy jome' masjidi					
n10222514277	40.998215	71.498696	Isvaxon jome' masjidi					
n10222514278	41.084792	71.488947	Quyuk mozor jome' masjidi					
n10222514279	40.957998	71.435284	Yandama jome' masjidi					
n10222514280	40.921868	71.436351	Abdugʻaffor qori jome' masjidi					
n10222514281	41.006765	71.518783	Isoqxon toʻra jome' masjidi					
n10222514282	41.043389	71.488946	Kamolxon eshon buva jome' masjidi					
n10222514283	40.833167	71.498273	Gurtepa jome' masjidi					
n10222514284	40.829277	71.481863	Mulla Toji Axmad jome' masjidi					
n10222514285	40.817459	71.166580	Gulbogʻ jome' masjidi					
n10222514286	40.852692	71.548180	Mulla Abduraxmon jome' masjidi					
n10222514287	40.821435	71.525564	Qoʻshqishloq jome' masjidi					
n10222514288	40.997639	71.242111	Said Nasimxon toʻra jome' masjidi					Chust
n10222514289	41.005259	71.235804	Gʻoib eronlar jome' masjidi					Chust
n10222514290	41.046175	71.318455	Buloqli jome' masjidi					
n10222514291	40.998265	71.093841	Toymas jome' masjidi					
n10222514292	41.115207	71.242794	Oxun bobo jome' masjidi					
n10222514293	41.063969	71.329594	Qosimshayx jome' masjidi					
n10222514294	40.984262	71.227815	Kattabogʻ jome' masjidi					Chust
n10222514295	41.041274	71.192740	Oyxon toʻra jome' masjidi					
n10222514296	41.079965	71.203521	Usta Oʻrinboy jome' masjidi					
n10222514297	41.135040	71.116340	Eshonlar jome' masjidi					
n10222514298	41.013384	71.104354	Eshonsoʻfi bobo jome' masjidi					
n10222514299	41.088110	71.118413	Baliqchi jome' masjidi					
n10222514300	40.869457	71.103886	Kichik Xoʻjaobod jome' masjidi					Pop
n10222514301	40.948474	70.769963	Said Jalolxoʻja jome' masjidi					
n10222514302	40.857579	71.139070	Said Abdulqodir jome' masjidi					
n10222514303	40.873233	71.079650	Muxammadjon qori jome' masjidi					Pop
n10222514304	40.854641	71.196083	Toshxoʻja eshon jome' masjidi					
n10222514305	41.029241	70.882064	Soy jome' masjidi					
n10222514306	40.738706	70.826755	Pungon jome' masjidi					
n10222514307	40.895006	71.093613	Chinor jome' masjidi					
n10222514308	40.841928	71.018269	Mulla Oʻktam jome' masjidi					
n10235190362	40.557864	70.950900						
n10296266986	40.856548	71.523181	Mulla Nazar Oxun jome' masjidi					
n10296266987	40.864025	71.227102	Gʻoib Eronlar jome' masjidi					
n10297680179	40.828162	72.327178	Obod jome' masjidi					
n10297680181	40.679521	72.190247	Muxiddin Saxob jome' masjidi					
n10298620560	40.885406	72.187529	Soʻfioxun jome' masjidi					
n10536591314	40.145164	67.806263	jom'e masjid	соборная мечеть				Ш.Рашидов тумани, Зиёкор ҚФЙ Жиззахлик маҳ А.Навоий куч
n10555060789	37.957101	58.198185	Şeýh Dekkāk, Ebû Ali					Köpetdag şaýoly
n10584813836	40.538870	70.958626						
n10598583041	41.339753	69.235889	Ismatullo hoji masjidi	Исматулло хожи мечеть	Ismatullo khoji mosque			
n10610338354	41.332315	69.234678	Hofiz Kuhaki masjid	Хафиз Кухаки мечеть	Hofiz Kuhaki mosque			Сағбон кўчаси, 61
n10653192976	40.754548	72.611751	new mosque					
n10655458569	40.913755	71.866625	Soʻfi ota jome' masjidi					
n10655458570	40.908409	71.845006	Xotamxon toʻra jome' masjidi					
n10655556693	40.848412	71.684435	Mingbuloq jome' masjidi					
n10689207190	39.404979	68.651636						
n10689207193	39.429602	68.455298	Хоҷаи Мардон					
n10746429777	38.005576	67.017996						
n10776547911	40.588203	70.907612	Said Ahmadxon hoji jome' masjidi	Соборная мечеть САЙЙИД АХМАДХОН ХОДЖИ				
n10791316209	37.934083	69.800266	Масҷиди ҷомеи Ҳилоли Аҳмар					
n10811227667	37.411989	57.167284	مسجد جامع روستای ارکان		Arkan Village Mosque			
n10815663002	39.443548	68.249656	Масҷиди Искобод					
n10815674341	39.442974	68.270808	Масҷиди Лангар					
n10815674342	39.443140	68.271623	Мақбараи Шайх Абулкосим Гургинӣ					
n10816431965	39.117366	70.841975						
n10819575592	40.481531	72.030255	Musajon xoji jome' masjidi					
n10819575593	40.511970	72.021008	Imom Buxoriy jome' masjidi					
n10819575594	40.540775	72.099521	Mavlonxon xoji jome' masjidi					
n10819575595	40.517058	72.070467	Abu Hanifa jome' masjidi					
n10819575596	40.520142	72.040170	Qo'shkechik jome' masjidi					
n10819575597	40.494545	72.078522	Tolmozor jome' masjidi					
n10819686819	40.375025	71.984050	Valiyulloh jome' masjidi					
n10819686820	40.373716	71.882427	Toshmozor jome' masjidi					
n10819686821	40.369482	71.936386	So'fon jome' masjidi					
n10819686822	40.331257	71.860357	Mulla To'raqul jome' masjidi					
n10819686823	40.306518	71.906106	Ahmadali bobo jome' masjidi					
n10819686825	40.501107	71.836532	Abu Hanifa jome' masjidi					
n10819686827	40.517634	71.739154	Qodirhoji jome' masjidi					
n10819686828	40.519334	71.798086	Akkosha jome' masjidi					
n10819686829	40.549518	71.787339	Said Xotam Eshon jome' masjidi					
n10819781034	40.575929	72.121110	Begobod jome' masjidi					
n10819781035	40.662258	71.741045	Bilol ibn Raboh jome' masjidi					
n10819781036	40.656494	71.751705	Mulla Qo'chqor jome' masjidi					
n10819781037	40.662822	71.731248	Imom Abu Yusuf jome' masjidi					
n10819781038	40.622000	71.739598	Madamin Qori jome' masjidi					
n10819781039	40.658018	71.732002	Imom A'zam jome' masjidi					
n10819781062	40.655314	71.720404	Eshmat mergan jome' masjidi					
n10819781063	40.633001	71.748356	Abu Xurayra jome' masjidi					
n10819781064	40.622845	71.753782	Mulla Hokim jome' masjidi					
n10819781065	40.661624	71.720999	Bahovuddin Naqshband jome' masjidi					
n10820026073	40.467447	71.732502	Qutayba ibn Muslim jome' masjidi					Ahmad Yassaviy ko'chasi, 91
n10820026077	40.485314	71.727386	Xo'ja Porso jome' masjidi					Xo'ja Porso ko'chasi
n10820026079	40.481220	71.713247	Imom Zaxriddin jome' masjidi					Zarafshon koʻchasi, 199a
n10820026080	40.462641	71.723131	Abdulloh ibn Mas'ud jome' masjidi					Xoʻjaegiz ko'chasi, 56
n10820813267	40.465450	71.737037	No'mon jome' masjidi					Asilobod ko'chasi, 106
n10820813287	40.458455	71.702380	Galatoy jome' masjidi					Galatoy ko'chasi, 118
n10820813288	40.477526	71.758584	Qashqar jome' masjidi					Do‘stlik ko‘chasi, 21
n10824854320	40.363827	71.819466	Toyiba jome' masjidi					Qadriyat ko'chasi, 50
n10824997536	40.216265	71.612569	Qalbi chin ota jome' masjidi					
n10824997537	40.303785	71.833412	Ermatboy jome' masjidi					
n10824997538	40.284386	71.457797	Yunusxon Eshon jome' masjidi					
n10824997539	40.311769	71.668937	Abu Bakr Siddiq jome' masjidi					
n10824997540	40.176764	71.738629	Yo'ldoshxoji jome' masjidi					Vodil
n10824997541	40.236990	71.942215						
n10824997542	40.218297	71.787251	Mulla Mirajon jome' masjidi					
n10824997543	40.253600	71.579436	Xuvaydo jome' masjidi					
n10824997544	40.268583	71.909524	Hazrati Umar jome' masjidi					
n10825110923	40.416806	70.561560	Uzun jome' masjidi					
n10825110948	40.454877	70.834071	Chilgijiyda jome' masjidi					
n10825110949	40.410602	70.853269	Imom Ja'far jome' masjidi					
n10825110950	40.351583	70.747917	Abu Muso Al Ash'oriy jome' masjidi					
n10825110951	40.336447	71.000344	Oʻqchi jome' masjidi					
n10830726460	40.636767	70.963354	Oqtepa jome' masjidi					
n10830739642	40.411249	71.002250	Asqar Mahmud Pirim jome' masjidi					
n10830739648	40.644345	70.996165	Qorayantoq jome' masjidi					
n10830739649	40.611820	71.037450	Yulg'unzor jome' masjidi					
n10830739650	40.615775	70.988873	Yodgorlik jome' masjidi					
n10830739656	40.481126	71.049261	Qaqir jome' masjidi					
n10830739657	40.599834	70.999056	Shoh Muqaddam jome' masjidi					
n10830739662	40.414062	71.015597	Ikromxoji jome' masjidi					
n10830739663	40.547897	70.999108	Ko'shki Turkon jome' masjidi					
n10830790233	40.523567	70.950626	Shayxon jome' masjidi					Zavqiyobod ko'chasi, 46
n10830790244	40.506957	70.921378	Avg'onbog' jome' masjidi					Afgonbog ko'chasi, 77
n10830826001	40.575063	71.121016	Xusan qori jome' masjidi					
n10830826002	40.621244	71.081595	Bandikushod jome' masjidi					
n10830826003	40.557185	71.144503	Eshonbobo jome' masjidi					
n10830826004	40.682781	71.045817	Bo'stonbuva jome' masjidi					
n10830867905	40.586621	71.113094	Mansurxon to'ra jome' masjidi					
n10830867906	40.591330	71.108254	Ma'rufxon to'ra jome' masjidi					
n10830867907	40.594636	71.075258	Oqqo'rg'on jome' masjidi					
n10830973279	40.607937	71.105604	Nayman jome' masjidi					
n10830973280	40.593382	71.152056	Katta mahalla jome' masjidi					
n10830973281	40.468560	71.227935	Saidobod jome' masjidi					
n10830973282	40.503019	71.151754	Orifxo'ja Eshon jome' masjidi					
n10830973283	40.466831	71.207348	Sultonobod jome' masjidi					
n10830973284	40.454720	71.180459	Mulla-Mo'min A'lam jome' masjidi					
n10830973285	40.513588	71.115999	Qo'shtegirmon jome' masjidi					
n10830973286	40.493166	71.132005	Kamoliddin Qori jome' masjidi					
n10831167575	40.397597	71.277596	Zohidon jome' masjidi					
n10831167576	40.401982	71.184470	Ho'jaybob jome' masjidi					
n10831167581	40.392566	71.287554	Sano jome' masjidi					
n10831167582	40.419507	71.289432	Amirobod jome' masjidi					
n10831167583	40.373258	71.261884	Qalandarxona jome' masjidi					
n10831201039	40.437635	71.411996	Hoja Abdullox Al-Ansoriy jome' masjidi					
n10831201040	40.415701	71.617418	Oqmozor jome' masjidi					
n10831201057	40.381493	71.445851						
n10831201073	40.427266	71.489561	Axmad Yassaviy jome' masjidi					
n10832124747	41.544528	70.030296	Chimgan masjidi					
n10833033404	40.502091	71.720380	Abdusamad Oxund jome' masjidi					Mustaqillik ko‘chasi
n10833039110	40.454753	71.689517	Eshonguzar jome' masjidi					
n10833039117	40.467666	71.640970	G'ishtmon jome' masjidi					
n10833039118	40.511812	71.616644	Do'rmon jome' masjidi					
n10833039125	40.488059	71.658052	Muborak jome' masjidi					
n10833040307	40.462097	71.677217	Mo'yi Muborak jome' masjidi					B. Margiloniy ko'chasi
n10833304948	39.968418	71.127414	Inoyatulloh jome' masjidi					
n10833304970	39.931558	71.170002	Qozi Ne'matullo jome' masjidi					
n10882895783	37.924904	69.786570	Масҷиди Аллоҳ Бердӣ					
n10939674039	40.133019	67.786947						
n10941314128	40.640438	70.826714						
n10941314141	40.646374	70.800255						
n11003226555	41.031702	72.485281	Медресе					Луговая, 30
n11171228491	41.685305	70.073519	Shayx Umar Valiy Bog'istoniy maqbarasi	Мавзолей Шейха Ходжы Омара Богистони				Богистан
n11175714357	40.262085	69.598869						
n11175714358	38.517156	68.560387						
n11175714361	40.557510	71.145499						
n11175714362	40.730976	72.060964						
n11175761048	40.998879	70.069255	IMOM MUHAMMAD jom`e masjidi	Имам Мухаммад	Imam Mukhammad			
n11267576202	38.802343	70.219269						
n11276799668	43.587002	67.647125	Ноғай ата					
n11297765642	41.336721	69.116783	Abu Bakr Siddiq jom'e masjidi					
n11369315450	39.406939	68.936100	Мақбараи Шамсиддин Табризӣ		Maqbara (shrine/tomb) of Shamsiddin Tabrizi			
n11384986797	42.226145	70.109506						
n11428580248	37.467908	57.374565						
n11500950069	41.026733	70.063358	Qorabog` jom`e masjidi	Соборная мечеть КАРАБАГ				
n11572226163	38.018499	69.835790	Оромгоҳи Хоҷа Исҳоқ					
n11572255180	37.934282	69.792869	Масҷиди Корези поён					
n11594461168	37.926149	69.776465	Масҷиди ҷомеи деҳаи Пахтакор					
n11636088242	37.519241	59.339675	مسجد اهل سنت لطف آباد		Lotfabad Sunni Mosque			سنی محله
n11676390623	37.082120	57.461848	امامزاده نظرگاه Nazargah shrine					
n11680975813	37.098998	56.852929	امامزاده زین العابدین					
n11680995555	40.698743	72.869463						
n11709246152	39.031172	65.731438	KATTA MASJID jom`e masjidi	Соборная мечеть КАТТА МЕЧЕТЬ	Cathedral Mosque KATTA MASJID			Косон тумани, Гувалак ҚФЙ, Наврўз МФЙ, Дўстлик кўчаси, 46-уй
n11716448979	39.047458	65.559352	BESHGUMBAZ jom`e masjidi	Соборная мечеть БЕШГУМБАЗ	Cathedral Mosque BESHGUMBAZ			Косон шаҳар,
n11716448984	38.984802	65.692021	TO'RTGUMBAZ jom`e masjidi	Соборная мечеть ТУРТГУМБАЗ	Cathedral Mosque TORTGUMBAZ			Косон тумани, Мудин МФЙ, Тўрт гумбаз кўчаси, 1-уй
n11824218490	37.623582	58.417059						
n11866526553	41.851603	60.380403	Qora alam bobo masjidi					
n11866601887	41.838314	60.384498	Usmon Said bobo masjidi					
n11870842262	41.926086	60.297331	Do'simbiy masjidi					
n11874823146	41.598261	60.594108	Nazar Xo'ja Bobo jome masjidi					
n1187836094	38.450314	57.392647						
n11896722139	41.556102	60.642132	Oxunbobo jom`e masjidi					
n11919181628	37.911775	69.785989	Масҷиди Ҳазрати Умар					
n11919187958	37.920895	69.785814	Масҷиди Сухтагӣ					
n11927043307	41.211963	69.239030	Куддус Шариф мечеть	Куддус Шариф мечеть			Қуддус шариф жоме масжиди	Qipchoq ko'chasi, 66
n11941954452	41.909624	60.381470						
n11977580837	39.910334	66.471999	Katta qangli jom'e masjidi					
n11985465625	39.658116	67.025437						
n11989840512	41.715938	60.527955	Juma jom'e masjidi					
n12017165093	41.700937	60.283240	Arab bobo masjidi					
n12029940233	39.660688	66.980058	Bibi Xonim masjidi	Биби-Ханум	Bibi Khanym			
n12041320215	38.554739	68.553762						
n12041500026	38.116693	67.704958						
n12041601651	38.565083	68.811354						
n12043288622	41.785971	60.439360	Movlon bobo					
n12043288623	41.791601	60.427405	Eshon bobo					
n12043429468	41.610802	60.653123	Quranboy ota jom'e masjidi					
n12050627766	38.924929	66.580244	Yangi Obod jom'e masjidi					
n12050627840	38.994477	66.686658	Xo'ja Ilg'or Ota masjidi					
n12076711655	37.489193	71.545061	Ҷамоатхонаи Исмоилия		Ismaili Jamatkhana			
n12105625456	40.285030	73.478081						
n12105625457	40.254233	73.488547						
n12105625480	40.189620	73.484160						
n12106285052	39.970861	73.489502						
n12106439765	39.991099	73.492621						
n12108019536	40.311527	73.447462						
n12108019569	40.308482	73.455109	"Ыман" мечити					
n12115899130	40.540191	72.864858						
n12115899135	40.402365	73.100681						
n12115899141	40.535358	72.825145						
n12134558183	40.596713	72.949469						
n12134588977	40.864236	73.043482						
n12138274473	41.306721	69.181270						
n12140968401	41.355088	69.285363	Muhammad Nosir Hoji	Мухаммад Насыр Хаджа	Muhammad Nasyr Haji			
n12174634927	41.315838	61.096330	Masjid					
n12176006133	41.536729	60.632510						
n12176995612	41.310631	61.100857	Shohpir jome masjidi			Shohpir jome masjidi		
n12230452563	40.830150	73.220480						
n12230452564	40.824582	73.189057						
n12265723287	39.849215	66.800847	TEMUR jom`e masjidi	Соборная мечеть ТЕМУР	Cathedral Mosque of TEMUR			
n12308956816	37.188091	68.611754						
n12308962059	37.191708	68.613633						
n12358925587	40.015385	66.229677	qoriravot masjidi					
n12388462365	42.317976	69.780553	Ибраһим-ата мешіті	Мечеть Ибрагим-ата				
n12388462370	42.310744	69.769354	Сопы Аллаяр мешіті	Мечеть Сопы Аллаяр				
n12499995892	37.518090	59.340335	مسجد					
n12506133315	39.532799	66.894570						
n12518628170	40.069791	72.091201						
n12519321355	40.974082	71.600449						
n12540916869	40.588860	66.762560	Hazrati Eshon Khalifa Ziyoratgohi					
n12545526974	39.352998	68.723170	Мазори Шариф					
n12545563157	39.416296	68.334362						
n12550786620	39.406717	69.029363						
n12552961599	42.525093	72.228182	Мечит					
n12552997135	42.506768	72.234019	Акжолтой мечити					Казакова улица
n12552997145	42.502124	72.214591	Аль бухари					Казакова улица
n12553259494	42.699566	71.802731	Центральный мечит					Манаса улица
n12553259496	42.698183	71.789173	Чеч-Дёбё					Бабыр улица
n12556880722	40.276858	73.426912						
n12557399297	40.512882	66.396922						
n12557399299	40.515678	66.397895	Xonaqoh					
n12584979716	37.960470	69.809355			Hakimobod Mosque			
n12584979719	37.979335	69.823887						
n12590194672	40.537961	72.757469	Намазкана					
n12621877880	40.177026	72.081005						
n12634539700	39.408628	69.030113						
n12634549341	39.231859	67.986810						
n12652456129	40.300738	73.248982						
n12652456131	40.247638	73.370926						
n12719250389	38.373392	71.459296						
n12805962093	43.297184	68.270317	Атаусыз кесене					Түркістан
n12805962298	43.297382	68.271688	Тәуке Хан кесенесі					
n12805962299	43.297277	68.271256	Есім Хан кесенесі					
n12809305462	43.296856	68.266352	Хан Мешіті					
n12846457912	42.525875	70.275673						
n12872662147	40.634218	72.831589	moscue					
n12877130138	40.622601	72.824325	Имам Азам		Imam Azam			Аэрапорт көчөсү
n12914328173	39.961644	72.955858						
n12986181139	40.861302	68.667034	ABU BAKR jom`e masjidi	Соборная мечеть АБУ БАКР	Abu Bakr Mosque			
n12990102423	41.196964	69.157922	Zangiota	Зангиата	Zangiata			
n12990102450	41.219355	69.174542	Sadr Ota jome’ masjidi	Садр Ата	Sadr Ata			
n1300467475	38.065945	66.987009	SAYROB jom`e masjidi	Соборная мечеть САЙРАБ	Cathedral mosque SAYRAB			Бойсун туманиКушчинор мфйОбгир кишлоги
n13063237480	37.368642	70.365414	مسجدجامع					یفتل‌پایان
n13149120320	45.629840	61.931426	Мечеть Жолмырза Ата					Коркыт Ата, 20
n13149120647	44.507152	66.180446	Мечеть Асан-Усен					Улица Бейбитшилик
n13168089225	37.570003	56.918317						
n13168429038	38.056860	57.143207						
n13171842982	37.651837	57.004137						
n13180144043	39.130225	67.860424						
n13180681382	40.264356	72.633636						улица Солижон Ахунов
n13180683303	40.270295	72.634958	ЭРКИН КОРИ МЕЧЕТ					улица Ахматов Комилжон
n13183336916	43.884798	66.917752	Дуйсен Ата					
n13183724238	40.266764	72.629163						
n13183746619	40.260440	72.643776						улица Абдижалил ата Бадалов
n13183768678	40.257573	72.624238	ХОШЯТИЛЛО ДОМИЛА					Мамадиев
n13185275507	40.204846	69.275787	Noʻmon Ibn Sobit jomeʻ masjidi					Chustiy ko'chasi, 68
n13185334125	40.932108	69.568635	O'zar jom'e masjidi					
n13186288675	40.830363	68.589311	Tolha ibn Ubaydulloh jom'e masjidi					
n13186391288	40.247181	68.742638	Bo'ston jom'e masjidi					
n13186394521	40.239588	68.681286						
n13186450319	40.782711	68.639333	AHMAD IBN MALIK jom`e masjidi	Соборная мечеть АХМАД ИБН МАЛИК	Cathedral Mosque AKHMAD IBN MALIK			Сирдарё тумани Интилиш маҳалласи Шоҳ кўча 27-уй.
n1326668761	43.295866	68.270611	Жұма мешіті					
n1326669060	43.296990	68.271882	Рабиғи Сұлтан Бегім кесенесі					Түркістан
n13301000708	40.316429	68.089237	XOLID IBN VALID jom`e masjidi	Соборная мечеть ХАЛИД ИБН ВАЛИД	Cathedral Mosque KHALID IBN WALID			
n13301311292	41.249135	69.280543	Qo'shqo'rg'on	Кuшкурган	Kuchkurgan		Қўшқўрғон жоме масжиди	
n13302385213	41.255849	69.302180	Valixoʻja oʻgʻli Norxoʻja	Валихужа угли Норхужа	Valikhuzha coals Norkhuzha			28
n13334362984	44.881458	64.241041						
n13453441792	41.198145	69.750764						
n13474983142	40.261577	72.115444	Умар Бин Хаттаб	Умар Бин Хаттаб				
n13526287853	38.513562	68.752098	Мечеть Имам Азам					
n13526312050	38.520942	68.744456	Мечеть имени пророка Мухаммеда					кӯчаи Борбад
n13526356878	38.590068	68.723562	Мечеть имени Хочи Курбона					
n13526389532	38.586314	68.736987	Общественная мечеть Казахского микрорайона					
n13528260701	38.529141	68.723978	Мечеть					
n13622439036	41.364837	69.419334	Do'rmon jome' masjidi	Дурмень	Durmen			
n13694487789	41.571802	60.940538	Muhammad Safo					
n13782291195	41.286767	69.162845	Xazrati Bilol jome' masjidi	Хазрати Билол	Hazrati Bilol			
n13798334440	42.444274	68.828526	Кыдырбай Кажы					улица Ардагер, 44а
n13801662656	42.441514	68.852666	Хазрат Абу Бакр Ас-Сыдык					
n13801712121	42.423205	68.781002	Журын Кожа					
n13801712122	42.424269	68.786299	Мечеть Ал Фатиха					улица Арапова, 28
n14059273480	40.518979	72.825801						
n14110606180	42.369878	69.626822	Мечеть					Шымкент
n14181427630	37.071481	66.764387						
n14181427846	37.073517	66.768230						
n14182311797	37.067043	66.765407						
n14182311901	37.061812	66.767841						
n14182312031	37.073353	66.757695						
n14182312047	37.078577	66.755496						
n14182324274	37.043418	66.617837						
n14182324296	37.042482	66.622573						
n14182327967	37.045163	66.622161						
n14182327995	37.035899	66.622582						
n14182328344	37.004945	66.689812						
n14182328405	37.001764	66.687857						
n14182377092	37.022659	66.363897						
n14182377094	37.026165	66.360755						
n14182881918	37.022455	66.764920						
n14182881920	37.011200	66.750704						
n14182881937	37.019848	66.750435						
n14182882019	37.027080	66.768266						
n14182882052	37.033662	66.773131						
n14182882133	37.032376	66.773780						
n14248368913	38.778523	65.810381	Jurayev Mo'minxon					Qoratepa
n1424950971	42.308118	69.641728	Мечеть					Сайрамская улица, 40
n1445518336	41.467968	69.212662		Мечеть Капланбек				
n1450386712	41.209810	69.493447						
n1455157799	42.293624	69.579881	Мечеть					
n1507177705	42.090272	69.813107						
n1507267205	42.183700	69.854046						
n1507280278	42.194990	69.807035						
n1508439728	43.331407	68.192349						
n1508439769	43.388450	68.021810						
n1509594482	42.898373	69.001969						
n1532518665	42.390575	69.975848						
n1532522221	42.479068	70.009409						
n1534893584	40.275299	69.626749	"Дехаи нав"					кӯчаи Горкий
n1763563605	39.776114	64.347316	jom`e masjid emas					
n1771088936	41.249613	69.221876	No'g'oy qo'rg'on jom`e masjidi	Соборная мечеть Нагай курган			Нўғой қўрғон жоме масжиди	
n1782428760	40.813521	68.171471						
n1783283377	43.283148	68.197557	Кок мечеть					улица Абу Сандыбай, 28
n1827042138	39.801183	64.537224	Bahovuddin Naqshband ziyoratgohi	мавзолей Бахауддина Накшбанди	Bahauddin Naqshband mausoleum			
n1856998295	41.357495	69.291216	Юнусабадский Мечеть	Мечеть	Yunusabad mosque			
n1897948606	39.498645	66.613097	Hazrati Dovud	Хазрати Довуд				
n1942444240	38.590694	68.732756	Масҷиди "Мехкалон" МИР САИД АЛИ ҲАМАДОНИ					
n2003239853	41.330034	69.227311						
n2011945499	41.289537	69.350933	Al Hudaybiya masjid					
n2038034244	40.604660	72.964378						
n2061390071	41.465837	69.162267						
n2094280989	41.738506	69.026241	мечит					
n2129188384	41.470621	69.133049						улица М Маметова, 5
n2130679852	41.473427	69.141265						
n2187066752	41.159498	69.112339						
n2204895376	41.240411	69.329091						
n2213459881	37.057986	57.469047	امامزاده جعفر بن موسی ابن جعفر					
n2280889459	41.179683	72.178106						
n2288187995	37.488882	71.549836	Остун		Ostun			
n2299331095	40.619541	66.678581						
n2302205430	41.048232	72.312338						
n2321480104	41.067865	72.631052						
n2367220452	45.513946	64.051516						
n2367220647	45.516053	64.051517						
n2394283334	41.313589	69.343813	Avayxon Jom`e masjidi	Мечеть Авайхан		Avayxon Jom`e masjidi		
n2432093871	43.303476	68.306589	Алпамыс батыр мечеть					улица Гаухар батыр, 2
n2438938508	43.280397	68.317250	Мечеть Наз					улица Ы.Исмаилов, 2
n2446695328	43.284792	68.281523	Намазхана					улица М.Абенова
n2446767148	43.290520	68.285512	Алходжа ата мечеть-мавзолей	Алходжа ата мечеть-мавзолей	Alkhoja Ata Mosque-Mausoleum			улица А.Туткабаев
n2452502175	43.293399	68.196574	Мечеть					улица Б.Койшыбаев
n2453760377	43.305052	68.288316						улица Казыбек би, 130
n2455487197	43.305913	68.277984	Ынтымақ мешіті					Әйтеке би улица, 43
n2461173415	43.311698	68.275518						
n2461615104	43.321864	68.287803	Ар-Рахман мечеть					улица А.Юсупов
n2463521281	43.314566	68.267579	Мечеть Ыждыхат					улица Ыждыхат, 5
n2463787378	43.310004	68.262467						улица К.Сатпаев, 93
n2467263778	43.282118	68.255106	Фердоуси мечеть Ортак 2 Улицф					улица Ортак 2
n2467322881	43.283684	68.247167	Хазрети Абу-Бакир мечеть					улица Х.Башиков
n2469810351	43.292382	68.240713	Игилик мечеть					улица К.Мунайтбасов
n2470062508	43.289519	68.252210	Фахриддин Абу-Бакир кажы мечеть					улица С.Нарбаева
n2471932968	43.302445	68.261839						улица Н.Торекулов, 56
n2473318989	43.301017	68.254427	Магзаман мечеть					улица Шайхантауыр, 1/а
n2474770947	43.293503	68.250433	Ортак мечеть					улица Ш.Ниязов
n2478509642	43.288679	68.218567	Намазхана					улица Толе би, 73
n2478933112	43.292873	68.227763	Туркестан мечеть					
n2484986578	43.291713	68.217778						улица Т.Турманов, 15
n2487608007	43.299582	68.210563						улица О.Жарылкапов
n2487904332	43.297262	68.217222						улица Аубакир кары
n2489386347	43.308935	68.214364						
n2490647303	43.303184	68.203276	Бекболат ата намазхана					улица Ж.Саин
n2491844982	43.300307	68.205238						улица Бекежанов
n2491936372	43.300328	68.192723	Шилмембет ата					улица М.Балахаев
n2495554120	39.909945	69.003614	Масҷид Хазрати шах		Hazret-i-Shah Mosque			Исмоил Сомони
n2495987398	43.279925	68.208635	Абжаппар ата					улица Карабура аулие
n2498835741	38.651806	56.908649	Metjit					
n2547512940	38.596311	68.751845	Масҷиди ҷомеъи “Калинин"					
n2547561864	38.580561	68.763221	Масҷиди кӯчаи Шараф					
n2561240872	38.585542	68.715025	Масчиди махаллавии Зарафшон					к.А.Навои
n2576995572	40.496595	72.805748						
n2582245331	40.685286	73.176644	Центлаьный мечеть					
n2582554440	40.542591	72.802028	Аль Бухари					
n2584525938	40.593879	72.411138						
n2606178408	37.195419	55.880471	امام زاده دانیال		Danial Shrine			
n2612747276	41.425090	71.484151						
n2631234851	38.621233	68.784180						
n2656086588	40.501674	72.834881	мечеть имени "БАДР"					
n2680595306	39.225477	68.507221	Mazar					
n2736387408	40.312957	72.672304	Jatan					
n2915689481	41.490488	69.282404	Курбанкожа мечеть					
n3120813827	38.565682	69.021307						
n3301978682	40.126586	68.495801						
n3412104101	38.543985	69.019519						
n3500356477	41.338040	72.929586						
n3509968317	42.522389	72.270238						
n3551394314	40.397153	71.809804	Nur jome' masjidi					Quva ko'chasi, 81a
n3576662832	40.270135	69.623091						
n3580094393	40.271006	69.595650	Муродбахш					кучаи Пахтакор
n3580324245	40.281725	69.603824						
n3580488509	40.285530	69.610677	Миркемолбой					
n3585522220	40.273005	69.620393						
n3585522241	40.274914	69.619018						
n3601820395	37.008421	55.555446	حسینیه وامنان		hossineh vamenan			
n3601880301	37.009169	55.555079	مسجد جامع		mosque hameh			
n3700834710	42.380369	69.495244	Торлан					
n3713900728	37.296334	55.530357						
n3727497482	42.316613	69.666436	Смаил-ата Мечеть					Шымкент
n3728572070	42.340496	69.542267	Мастура Кажы					
n3731414634	37.483663	56.725781						
n3732455357	41.307431	69.204592	“Фотимаи Заҳро”	Фотимаи Заҳро	Fotimai Zahro			
n3744160555	39.029948	70.378392						
n3780976916	38.590207	69.086784	Холбойкара					
n3810901092	42.871226	73.108563						
n3810901234	42.899377	72.993623						
n3907978676	37.071202	57.515856	حسینیه					
n3934200151	37.807297	62.029091	Metjidi		Yslam Abat Metjidi			
n3958417437	40.270358	72.134119	Центральная мечеть	Центральная мечеть				
n3958441131	40.255898	72.116741						
n3970160489	38.535020	68.750761	Масчиди Чортут (Хол Машраб)					кӯчаи Борбад
n4031310296	37.106432	58.507343	مسجد صاحب الزمان (عج)					
n4031364559	37.103998	58.508547	مسجد حضرت رسول (ص)					
n4219035232	41.033451	72.472531						
n4258323093	42.324134	69.577026						
n4263800489	39.094338	63.526883	Ewejen Hoja	Эведжен Ходжа				Turkmenabat
n4273819568	41.479576	72.298894						
n4273819570	41.477730	72.296630	Намазкана					
n4273819571	41.613760	72.620535	Намазкана					
n4295561289	40.841526	73.242060						
n4313363090	40.563979	72.799095	Манас-Ата мечити					Салиева улица
n4315664294	40.544386	72.905731						
n4315682092	40.539373	72.947013						
n4315715191	40.637447	72.869653						
n4321119898	40.551124	72.777490			Mosque			
n4324947789	40.540885	72.779013						
n4329256589	38.584564	68.724396	Масчид ба номи Хочи Исмоил	Мечеть Ходжи Исмаил	Hoji Ismail mosque			
n4335472592	40.877103	72.995159						
n4335476594	40.860201	73.000824						
n4336799991	41.315766	69.855929	Mosque Khazrati Ali Buva	мавзолей Хазрат Али Бува		Hazrati Ali Buva ziyoratgohi		
n4339638794	40.559091	72.771924		Мечеть		Masjid	Масжид	
n4348957889	39.374278	68.829241	Мечеть		Mosque			
n4369788496	40.945342	73.016871	Азрати Айюб					
n4375081993	40.938809	73.007349		мечеть Эргашхожи				
n4399705649	37.412741	57.299135						
n4399832641	37.485858	57.436708	مسجد باباامان					
n4399875582	37.428353	56.544297						
n4399882549	37.489434	57.200222	پلیس راه بجنورد آشخانه					
n4403857090	40.923949	72.986329	Хазрат Билал мечити	Хазрат Билал мечити				Низомий көчөсү
n4408063494	42.550729	70.298446	мавзолей Турикбасы	мавзолей Турикбасы				
n4441568457	37.492465	71.569411	место поклонения					Г ВАРКА, 5
n4477372171	42.602124	71.584963	Намазкана					Ленина улица
n4477372172	42.626400	71.596908	Намазкана					
n4507727890	39.626522	66.949992	Мечеть Ходжа Гулом	Мечеть Ходжа Гулом				
n4507727896	39.687168	66.990688	Xo'ja Is`hoqi Bali jom`e masjidi	Соборная мечеть Хожа Исоки Вали	Khodja Iskoki Vali Mosque		Хўжа Исҳоқи Вали жомъе масжиди	
n4519442492	42.343238	69.678414	Тура жол мешіті					
n4519442493	42.324379	69.630460	Ислам жолы мешіті					
n4539452080	37.202544	55.736767	مسجد محله حسن آباد					
n4541895191	37.063352	57.499998	مسجد خاتم الانبیاء					
n4541898990	37.076354	57.510629	مسجد اعظم امام خمینی		Emam Khomeini Great Mosque			
n4541930790	37.077522	57.507496	مسجد جامع قدیم					
n4541933194	37.053464	57.499730	مسجد امام حسن عسکری					
n4541934489	37.082556	57.498174	مسجد حضرت ولی عصر					
n4541934490	37.072334	57.506870	مسجد امام حسین علیه السلام					
n4553466112	40.300957	72.371927		Мечеть				
n4555034490	40.780172	72.340639	Xoliqberdiboy jome' masjidi	Холикбердибой мечеть			Холикбердибой масжиди	Shaxrixon ko`chasi, 101
n4556086643	37.825965	69.942820						
n4574628494	40.647979	72.246041	Xolid Ibn Valid jome' masjidi	Холид ибн Валид				
n4581963740	37.473460	57.330038	اخوان					
n4590982696	37.042077	57.409355	مسجد موسی بن جعفر چهل حصار					
n4602466448	37.840788	70.048637						
n4608170832	37.044410	57.510715						
n4641897792	38.580475	68.799536	Мечеть	Мечеть				
n4642362519	40.544270	71.094193	Xoja Muhammad Vali jome' masjidi	Мечеть "Хожа Ахрор Вали"				
n4644532889	41.258105	69.327405	IMOM A'ZAM jom`e masjidi	Соборная мечеть ИМОМ АЪЗАМ	Cathedral Mosque IMOM AZAM			
n4644533089	41.372546	69.378890	Ar - Rahmon jome' masjidi	Ар-Рахмон мечеть				
n4654408297	37.837965	65.213213		Мечеть	Mosque			
n4675503131	37.705658	55.859796	حوزه علمیه ربانیه چنارلی					
n4683189491	41.331676	69.175717	Abdulloh ibn Huzofa jom`e masjidi	Соборная мечеть Абдуллах ибн Хузофа				32
n4683189494	41.380073	69.135029	Ramadon jome’ masjidi	мечеть Рамадан				
n4683193790	41.264723	69.173877	TINCHLIK jome masjidi	мечеть Тинчлик				
n4683194089	41.267909	69.138526	Umir jome’ masjidi	Соборная мечеть УМИР			УМИР жомъе масжиди	
n4683194092	41.318172	69.214541	OQILON jom`e masjidi	Соборная мечеть АКИЛАН				Оқлон маҳалла, Кўкча дарвоза кўчаси 27
n4683194190	41.344521	69.251964	Mevazor jome masjidi	Мевазaр	Mevazar			
n4683194191	41.315862	69.236240	Baland jome masjidi	мечеть Баланд				
n4683194192	41.337610	69.201041	OQ-TUNUKA jom`e masjidi	Соборная мечеть ОК-ТУНУКА	Cathedral Mosque OK-TUNUKA		ОҚ-ТУНУКА жомъе масжиди	Зафаробод маҳалласи 49
n4683194592	41.313542	69.225772	ZANGI - OTA jome masjidi	мечеть Занги Ота				С.Дарвоза кўчаси, 122
n4701777202	41.041536	70.070404	Мусулмонлар Кабристони					Angren
n4712948090	39.103012	63.553476	Metjit	Мечеть				
n4730550400	40.606135	72.309265						
n4739662926	39.848276	69.553359						
n4739662930	39.830495	69.527954		Мечеть	Mosque			
n4739663422	40.069685	70.811353						
n4739681623	40.042282	70.809277						
n4745883987	39.771575	64.405038	Masjidi baland jom`e masjidi	Соборная мечеть Мечеть Балянд	Balyand Mosque			Бухоро шаҳар Тинчлик кўчаси 3
n4747504838	38.573085	68.806922	Масҷид	Мечеть	place_of_worship			
n4778387196	38.566952	68.833112						
n4798937368	41.332150	69.301800	Oqqurg'on masjidi	мечеть Оккурган				
n4798937377	41.269265	69.291978	Ал-Бадр жомеъ масжиди	Аль-Бадыр мечеть				
n4826438122	43.276008	68.220182	Ак мечеть					улица Жангир хан
n4843090721	39.607833	66.958237	Сари Мачит	Сари Мачит				
n4883646121	40.937833	73.013783	Yuldash Khadzhi	МЕЧЕТЬ	MOSQUE			Х. Абдушаит көчөсү, 2
n4897528621	41.596563	70.103345	Qadamjoy jome’ masjidi	Кадамджой	Kadamjoy		Қадамжой жоме масжиди	
n4914236428	40.294734	69.663276	Масчиди Балодуркун					
n4941450660	43.404011	68.262115	Мечеть					
n4941450662	43.398524	68.255171	Главная Мечеть					
n4944260239	38.307960	70.026632						
n4947764621	41.308168	69.166036	Beshqayragoch jome' masjidi	Соборная мечеть Бешкайрагач	Beshqayragach			М.Уйғур кўчаси, 555
n4974372321	40.459107	71.216073	Zayd ibn Sobit jome' masjidi					
n5004747821	40.747065	71.703490	Soʻfi Olloxyor jome' masjidi	Суфи Оллохёр				Бирдамлик кўчаси
n5008776859	41.129699	72.092484	Buzrukxoʻja eshon jome' masjidi					Uchqo'rg'on
n5029898721	40.761835	72.329052	Xonaqox jome' masjidi	Хонакох				Ostona guzar ko'chasi, 71
n5037337522	38.513199	68.759529	Мечеть Билол	Мечеть Билол				
n5045081660	39.729532	73.247636						
n5054852722	40.611972	72.917813						
n5080881768	43.138647	59.011251		мечеть Лауса				
n5139872626	41.251484	69.337587						
n5142356723	40.465940	71.743930	Baraka jome' masjidi	Мечеть Барака			Барака масжиди	Торалар
n5152075160	41.393338	69.104935	Навобод					Нарметова, 1
n5152200205	41.404116	69.134357						Абылайхан
n5152200206	41.409277	69.157427						Турмахан ата
n5152201551	41.404752	69.140682						Абылайхан
n5152211174	41.395315	69.113279						М.Ауезов
n5152211747	41.399479	69.114606						О.Ермухамедулы
n5159392121	40.814632	72.352165	Abu Xurayra jome' masjidi	Абу хурайра мечеть				25
n5169255241	42.336426	69.531322						
n5169265021	42.366842	69.513787						
n5169304950	42.917130	71.399816						
n5169358372	42.908062	71.368959						
n5169368887	42.882022	71.344330	Мечеть "Хазрет Али"					
n5169413431	42.892195	71.388084	Мечеть Нәметбай					
n5169426984	42.885981	71.398636						
n5169500929	42.899422	71.430966						
n5171527248	37.053215	72.678307	Mазар		Mazar Shah Qambar-e Aftob			
n5238167123	40.908329	68.709820	Yangi Chinoz jome’ masjidi (eski)					
n5262668098	37.675337	67.080108	ISO AT-TERMIZIY jom`e masjidi	Соборная мечеть ИСО АТ-ТИРМИЗИ	Cathedral Mosque ISO AT-TIRMIZI			
n5265774652	41.323368	69.163251	Abdulhamid hoji ota	Абдулхамид ходжи ота				
n5292150293	39.768800	64.394369	XIYOBON jom`e masjidi	Соборная мечеть ХИЯБОН	Cathedral Mosque of KHIYOBON			Бухоро шаҳар Мушфиқий кўчаси 17/б
n5321568921	41.232011	69.164024	Beshqo‘rg‘on jome’ masjidi	Бешкурган	Beshkurgan			
n5325764697	37.721512	57.965962	مسجد امام حسین					
n5333180723	42.912093	72.734048	Ценральная Мечеть					
n5406922221	40.537556	72.772788						
n5506593121	40.289513	70.412610	Мечеть					улица Казокон
n5552267522	37.976789	68.692932	Мечеть		Mosque			
n5581102889	40.298033	70.430162						Айни
n5605705222	40.947616	72.998824						
n5606997472	37.668366	67.025120	SHEROBOD jom`e masjidi	Соборная мечеть ШЕРАБАД	Cathedral Mosque SHERABAD			“Катта хаёт” махалласи
n5630648826	42.374992	69.701111	Мечеть Карабура					
n5631504221	40.882878	72.947510						
n5645816321	40.777423	73.287768			Mosque			
n5647830485	38.633750	66.267532	MUSOFIR OTA jom`e masjidi	Соборная мечеть МУСАФИР АТА	Cathedral Mosque MUSAFIR ATA			Ғузор тумани, А.Темур МФЙ, Чинобод кўчаси, 4
n5652109055	41.648358	59.922433	Metjit		Mosque			
n5694074921	39.067275	66.835637	masjid	мечет				
n5718370521	38.371436	57.501866	Seyit Ybraym Metjidi		Seyit Ybraym Mosque			
n5747539504	40.630176	73.452883	Мечеть "Жамшит ата"					Маматали Матиев улица
n5774821425	41.302550	69.132744	Ammor ibn Yosir jome’ masjidi	Соборная мечеть Аммар ибн Ясир				
n5774821426	41.304413	69.148706	Vaqqos ota jom`e masjidi	Соборная мечеть Ваккас Ата				М.Уйғур кўчаси, 591
n5776860270	41.255667	67.972110	Жаңа мешіт					
n5786621453	40.815604	69.207488	Toshloq jome’ masjidi				Тошлок жоме масжиди	
n5817745954	40.516224	72.322231	Shomat jome' masjidi					
n5818316777	37.028196	66.779642						
n5843764629	37.456351	57.327537						
n5855914104	40.831884	72.286069	Mirobod jome' masjidi	Мечеть Мирободхожи				Миробод кўчаси, 6
n5857267804	37.398010	55.500954	مجتمع شیخ داغستانی(رحمة الله علیه)					
n5902165759	41.001133	71.687088	Shayx eshon jome’ masjidi					K.Otamirzayev koʻchasi, 3
n5926965777	38.396451	57.031667						
n5935889519	40.284055	69.644366						
n5935889520	40.287815	69.641437						
n5969485190	40.378861	70.809323	Hoji Yusuf jome' masjidi					Yaypan
n5992697486	40.520774	70.965477	Hazrati Abbos jome' masjidi	Хазрати Аббос				Bog'iraxmat ko'chasi, 8a
n6023403238	38.684080	57.191984	Ak Işanjan Metjidi					AK IŞANJAN AWTOÝOLY, 2
n6099303943	40.952797	73.010960						
n6115514385	40.604246	68.730427	Ziyo jom'e masjidi					Оқ олтин ҚФЙ, Оқ олтин МФЙ
n6119430480	40.143555	71.733300						
n6119430550	39.944313	71.328127						
n6119430551	39.924169	71.303046						
n6119430553	40.124972	71.724839						
n6119430554	40.136164	71.723899						
n6119430555	39.910326	71.236468						
n6119430584	39.937725	71.343011						
n6119430620	39.940298	71.357343						
n6129214686	40.671522	73.196777			Mosque			Абдраев С. улица
n6129221785	40.656265	73.214571						
n6185631085	41.315286	69.169257	Burhoniddin Marg‘iloniy	Соборная мечеть Бурхониддин Маргилоний				Уккоша кўчаси, 35
n6208600288	39.770820	67.276577	Amir Hamza jom`e masjidi	Соборная мечеть Амир Хамза				
n6215211385	38.213397	67.199344	SARIMOZOR jom`e masjidi	Соборная мечеть САРИМАЗАР	Cathedral mosque SARIMAZAR			Бойсун туман Тузбозор мфй Навоий кўчаси
n6279633197	37.182940	67.740704						
n6326775389	39.937498	66.380750	Dehqonobod jom`e masjid	Соборная мечеть ДЕХКАНАБАД	Dehkanabad Mosque		ДЕҲҚОНОБОД жомъэ масжиди	Иштихон тумани Деҳқонобод маҳалла
n6326778985	40.180622	68.670318	Axmadxo'ja jom`e masjidi	Соборная мечеть Ахмадхужа				Пахтакор ҚФЙ, Оқчангал МФЙ
n6335614701	41.581361	60.623648	G'oib ota jom`e masjidi		Cathedral Mosque Goib ota			
n6337964265	41.326457	61.087409	Boqireshon jome masjidi	Соборная мечеть				
n6341816228	41.336337	60.928336	jom`e masjidi	Соборная мечеть				
n6341828146	41.371576	60.601773	jom`e masjidi	Соборная мечеть				
n6341933680	41.486523	60.767661	jom`e masjidi	Соборная мечеть				
n636784509	41.398817	71.823333						
n636784510	41.882225	72.936303						
n636784511	41.307514	71.257366						
n6369604293	37.114479	58.516790	مسجد مهدیه					
n6373576060	37.390287	57.945133	مسجد امام جعفر صادق					
n6417666958	38.502524	68.203274	Масчид Дехаи Саркор					Саркор
n6453690786	41.403869	69.282815	Rahbar ota Akbar o‘g‘li jome’ masjidi	Рахбар ота Акбар угли масжиди				
n6466250605	41.259283	69.186444	Shayh Muhammad Sodiq Muhammad Yusuf jom`e masjidi	Шейх Мухаммад Садык Мухаммад Юсуф	Sheikh Muhammad Sadyk Muhammad Yusuf			
n6510660914	37.656117	56.092961	مسجد بلال					
n6517008037	39.961000	68.390870	Ma`rifatli jom`e masjidi	Соборная мечеть Марифатли	Cathedral Mosque Marifatli		Маърифатли жомъе масжиди	Зомин тумани, Ғ.Ғулом маҳалласи, Ш.Насриддинов кўчаси
n6517030236	39.758685	68.411279	Toqterak jom`e masjidi	Соборная мечеть Токтерак				
n6522113435	38.606141	66.252454	MIRJANDA jom`e masjidi	Соборная мечеть МИРЖАНДА	Cathedral Mosque MIRZHANDA			Ғузор тумани, Гулшан ҚФЙ, Мартепа махалласи, 1
n6532916048	39.860353	64.448974	Imom al-Buxoriy jom`e masjidi	Соборная мечеть Имам Ал-Бухари				Бухоро туман Холмуродов қишлоғи
n6543638177	39.761115	64.403235	Xo'ja Ismat jom`e masjidi	Соборная мечеть ХОДЖА ИСМАТ	Khoja Ismat Mosque			Бухоро шаҳар Хўжа Исмат Бухорий кўчаси 60
n6546737585	40.345075	71.270879	Ho'ja ilg'or jome' masjidi	мечеть Хужаи-Гор			Хужаилгор масжиди	Rishton
n6589277188	40.165719	72.362972						
n6621151462	40.091139	68.157632	Oq Masjid jom`e masjidi	Соборная мечеть Ак Мечеть	Cathedral Mosque Ak Masjid			
n6622965589	37.422700	57.925602	مسجد حضرت رسول					
n6622965590	37.423111	57.929511	مسجد علی ابن ابیطالب					
n6635886556	39.749483	64.149671	Islom Xo'ja jom`e masjidi	Соборная мечеть Ислам Хужа	Cathedral Mosque Islam Khoja			
n6635887324	39.754724	64.180585						
n6647621672	41.295955	69.203154	Hasan qori jom`e masjidi	Соборная мечеть Хасан Кори	Cathedral Mosque Hassan Corey			
n6647731085	41.290236	69.183837	jom'e masjid	Соборная мечеть	Cathedral Mosque			Кўҳна Чўпон ота маҳалла, 13-мавзе. (рақамланмаган)
n6711544886	38.716677	70.650222						
n6720283987	40.484674	71.105691	Ultarma jome' masjidi					
n6738028142	40.278637	69.614481	Масчиди Бобохуча					
n6790451185	40.898759	69.673047	Место для намаза		Place for praying(Namaz)			
n6814236496	39.975481	70.569827	Масҷиди Сари Бозор					
n6814236497	39.974472	70.567651	Масҷиди Сари Ҳисор					
n6814236498	39.975720	70.564717	Масҷиди Чакалак					
n6814236499	39.974084	70.562184	Масҷиди Қуруқи Миёна					
n6814236500	39.972860	70.560545	Масҷиди Таги Сада					
n6814237057	39.980243	70.561855	Масҷиди ҷомеи Хоҷи Устози Валӣ					
n6814304957	39.973461	70.576420	Масҷиди ҷомеи Ҳазрати Шоҳ					
n6814306520	39.977743	70.589577						
n6815019913	39.968858	70.559864	Масҷиди Қуруқи Боло					
n6815738750	39.983193	70.566642	Масҷиди Фирдавсӣ					
n6815738759	39.967703	70.565969	Масҷиди Кунҷок					
n6815738760	39.963749	70.565693	Масҷиди Қақир					
n6829390156	40.275329	69.629057						
n6835687415	42.609969	70.053986						
n6863561257	37.409386	68.651957						
n6868456885	39.778512	64.417024	Masjidi Huja Sufiyoni Savri	Масжиди Хужа Суфиёни Саври				
n6903408638	38.077333	66.967455	SAID BAXROMXON jom`e masjidi	Соборная мечеть САИД БАХРАМХАН	Cathedral mosque SAID BAKHRAMKHAN			Бойсун туманиКушчинор мфйСайроб кишлоги
n6947921406	41.052733	71.806337	Sulton Said jome' masjidi					
n6951075360	40.118087	69.674416	Имам Бухари мечит медресеси					International
n6957689194	40.410065	70.829319						
n6981187520	41.243102	71.771903	Shurkent jome' masjidi					
n7006751064	40.103424	64.677941	Abduxoliq G'ijduvoniy jom`e masjidi	Соборная мечеть Абдухалик Гиждувани	Cathedral mosque Abdukhalik Gizhduvani			Ғиждувон шаҳар Абдухолиқ Ғиждувоний шох кўчаси 1
n7006807694	39.772459	64.571165	Said Amir Kulol jom`e masjidi	Соборная мечеть Саид Амир Кулол	Cathedral mosque Said Amir Kulol			Когон туман Янги ҳаёт қўрғони Саййид Амир Кулол шох кўчаси
n7006807699	39.731684	64.554376	Alisher Navoiy jom`e masjidi	Соборная мечеть Алишер Навои	Cathedral Mosque Alisher Navoi			Когон шаҳар Маҳмуд Таробий кўчаси
n7006826031	39.273886	65.146383	XO'JA ABDULLOH IBN MUBORAK jom`e masjidi	Соборная мечеть ХУЖА АБДУЛЛОХ ИБН МУБАРЕК	Cathedral Mosque of KHUZHA ABDULLOH IBN MUBAREK			Муборак шаҳар, А.Навоий МФЙ, Маданият кўчаси, 1
n7041773626	37.926933	68.792846						
n7042413381	40.247059	69.594920						
n7062210700	39.787553	64.423925	Xo'ja Orif Mohitobon jom`e masjidi	Соборная мечеть Ходжа Ориф Мохитобон	Cathedral Mosque Khoja Orif Mohitobon			Бухоро шаҳар Мохитобон кўчаси 50
n7070704169	37.699159	66.776614	Poshxurt jom`e masjidi					
n7079673835	40.019557	64.518753	Abdulazizxon jom`e masjidi	Соборная мечеть Абдулазизхан	Cathedral mosque Abdulazizkhan			Вобкент туман С.Ярашев кўчаси 56
n7080511429	40.137025	65.256209	DO'RMON jom`e masjidi	Соборная мечеть ДУРМАН	Cathedral mosque DURMAN			Навоий туман Дўрман МФЙ
n7080511434	40.056780	64.819883	jom`e masjidi	Соборная мечеть				
n7113876191	38.509733	68.741295	Мечеть масчид намоз чомье		Храм масчид намоз			
n7134867648	40.744495	72.405481						
n7135758366	42.418187	59.412051	Muhammed Karim meshiti	Мечеть Мухаммад Карим				
n7136055889	42.338350	59.504761	Muhammed Murat Iyshan meshiti	Мечеть Мухаммед Мурат Ийшан				
n7136055890	42.306812	59.616804	Ketmenchi baba meshiti	Мечеть Кетменчи баба				
n7136055891	42.004241	60.639583	Sultan Uvays baba meshiti	Соборная мечеть СУЛТАН УВАЙС БАБА	Cathedral Mosque of SULTAN UVAYS BABA	SULTON UVAYS BABA jom`e masjidi		
n7136055897	41.652219	60.783626	Darvesh iyshan meshiti	Мечеть Дарвеш Ийшан				
n7136055914	41.699199	60.818750	Xayirli baba meshiti	Мечеть Хайрли баба				
n7136055919	41.822684	60.566871	Badr ota meshiti	Мечеть Бадр ота				
n7136055924	41.560920	61.006724	Turtkul meshiti	Мечеть Турткуль				
n7136055929	41.515987	61.020955	Muntik bobo meshiti	Мечеть Мунтик бобо				
n7136055934	41.620694	60.966383	Abdijamil Iyshan meshiti	Мечеть Абдижамил Ийшан				
n7136055968	41.481334	61.057022	Shorahan meshiti	Мечеть Шорахан				
n7136055973	41.439933	61.115201	Qochqor ota meshiti	Мечеть Кочкор ота				
n7136055978	41.635372	60.960532	Mulla Sadulla meshiti	Мечеть Муллла Саъдулла				
n7136055991	41.528150	60.973960	G'oyib ota meshiti	Мечеть Гойб ота				
n7136055992	41.388156	61.216803	Miskin bobo meshiti	Мечеть Мискин бобо				
n7136055993	41.504942	61.124740	Mulla dunlli meshiti	Мечеть Мулла дунлли				
n7136056016	41.897348	61.209568	Janbas qala meshiti	Мечеть Джанбаскала (Янбашкалъа)				
n7136056017	41.847412	60.913055	Muhammad Norinjoniy meshiti	Мечеть Мухаммад Норинжоний				
n7136056018	41.748318	60.985026	Abdullo Norinjoniy meshiti	Мечеть Абдулло Нориндоний				
n7136056023	41.594148	60.929275	Masharif oqsoqol meshiti	Мечеть Машариф оксоколи				
n7136056049	41.582440	60.931995	Safo meshiti	Мечеть Сафо				
n7136056063	41.578864	60.912187	Bibi Mushkul Kushod meshiti	Мечеть Биби Мушкул Кушод				
n7136056064	43.778826	59.031203	Toqpaq ata meshiti	Такпак ата	Takpak ata	TOQPAQ OTA jom`e masjidi	ТОҚПАҚ ОТА жомъе масжиди	
n7136056066	43.029581	60.018224	Idris Iyshan meshiti	Мечеть Идрис Ийшан	Idris Ishan Jome Mosque			
n7136056067	42.932325	59.775793	Xan meshiti	Мечеть Хан Шымбай жоме	Khan Shymbay Jome Mosque			
n7136056068	42.837263	59.493325	Iskender ha'm Alawiddin Iyshan meshiti	Мечеть Искендер хам Алауиддин Ийшан				
n7136056078	42.672297	59.748155	Iyshan qala meshiti	Мечеть Ийшан кала				
n7136056080	42.782679	59.603807	Mag'zan Iyshan meshiti	Мечеть Магзан Ийшан				
n7136056082	43.065784	58.866585	Hakim Sulayman meshiti	Мечеть Хаким Сулайман				
n7136074340	42.113201	60.058882	Yusuf Eshon jome Masjidi	Мечеть Юсуф Эшон	Yusuf Eshon Mosque			Tadbirkorlar ko'shesi
n7136074341	41.966808	60.030864	Yaqub Iyshan meshiti	Мечеть Якуб Ийшан				
n7136074352	42.155816	60.080908	Nog'ay Iyshan meshiti	Мечеть Ногай Ийшан				
n7136074357	41.936431	60.060200	Qozibay Bobo meshiti	Мечеть Козибой Бобо				
n7136074358	42.219046	60.106183	Xoji Iyshan meshiti	Соборная мечеть ХАЖИ ЭШАН		HOJI ESHON jom`e masjidi		
n7136074363	42.193233	60.043844	Rustam bobo meshiti	Мечеть Рустам бобо				
n7136074376	42.069472	60.107937	Qarshili xoja meshiti	Мечеть Каршылы хожа				
n7136078517	40.794600	72.354926	Gʻishtli jome' masjidi					M.Saidov ko'chasi, 60
n7136170442	40.810096	72.309439	Shaxidtepa jome' masjidi	Шахид тепа				Shaxidtepa ko'chasi, 1
n7136170447	40.797353	72.364008	Qora qoʻrgʻon jome' masjidi	Кора-Кургон				Soy ko'chasi, 112
n7136170452	40.799816	72.341423	Bobo Tavakkal jome' masjidi					Chuama ko'chasi, 9
n7136340530	40.854701	72.353537	Xazrati Umar Odil jome' masjidi	Хазрати Умар Одил				Жума масжид улица, 125
n7136340532	40.733964	72.337785	Dovudxon toʻra jome' masjidi	Довудхонтура				Buyuk Turon ko'chasi, 3
n7136340533	40.860694	72.305152	Ammor Ibn Yosir jome' masjidi	Аммор Ибн Ёсир				Kuyganyor
n7136379429	40.733899	72.421113	Fayziboy xoji jome' masjidi	Файзибой хожи				
n7136925442	37.457428	67.178354	MA`RIFAT jom`e masjidi	Соборная мечеть МАРИФАТ	Cathedral Mosque MARIFAT			
n7137204525	41.243975	69.359521	jom'e masjid	соборная мечеть				Ҳусайн Бойқаро кўчаси, 1
n7137204527	41.178426	69.249498	jom'e masjid	соборная мечеть				Бинокор махалла, Шоликор кўчаси, 1
n7137204528	41.347782	69.359469	Shayx Ziyovuddin jom'e masjidi	соборная мечеть				Темур Малик кўчаси, 15
n7137204530	41.312999	69.343877	jom'e masjid	соборная мечеть				Қорасув бўйи кўчаси, 87а
n7137204533	41.332168	69.301715	jom'e masjid	соборная мечеть				Ойдин кўчаси, 29
n7137204534	41.327648	69.351351	jom'e masjid	соборная мечеть				Қурбонова кўчаси, 111
n7137204536	41.337995	69.365691	Mulla Xolmirza jom'e masjid	соборная мечеть				Гулсара кўчаси, 15
n7137204540	41.340387	69.220644	Imomi Buxoriy jom`e masjidi	Соборная мечеть Имами Бухари	Cathedral Mosque Imami Bukhari	Imomi Buxoriy jom`e masjidi		2-Чимбой кўчаси, 1
n7137204543	41.337589	69.252092	AT-TERMIZIY jom`e masjidi	Соборная мечеть АТ-ТЕРМИЗИ				Қизил кўча, 96
n7137204544	41.354261	69.191476	jom'e masjid	соборная мечеть				Мирза Ғолиб 3-тор кўчаси, 36
n7137204545	41.350408	69.167147	"Chimir ota" jom'e masjid	соборная мечеть "Чимир ота"				Форобий кўчаси, 455
n7137204546	41.350458	69.187889	TO'LQIN AKROM O'G'LI jom`e masjidi	Соборная мечеть ТУЛКИН АКРОМ УГЛИ	Cathedral Mosque TULKIN ACROM UGLI			Форобий кўчаси, 418
n7137204548	41.369386	69.242906	jom'e masjid	соборная мечеть				Иброҳим Ота кўчаси, 20
n7137204550	41.362741	69.224957	jom'e masjid	соборная мечеть				Пахта кўчаси, 9
n7137204552	41.333985	69.226869	SAFABOY OTA jom`e masjidi	Соборная мечеть САФАБАЙ АТА	Cathedral Mosque SAFABAY ATA			Мухокама кўчаси, 11а
n7137204553	41.360309	69.194418	AHMADJON QORI jom`e masjidi	Соборная мечеть АХМАДЖОН КОРИ	Cathedral Mosque AHMAJON KORI			Олимпия мавзеси, Мухбир кўчаси, 15
n7137204556	41.370119	69.221474	Jom'e Masjid	соборная мечеть				Юнусова кўчаси, 21А
n7137204557	41.331142	69.241874	jom'e masjid	соборная мечеть				Олмазор кўчаси, 2-тупик, 19
n7137204560	41.243489	69.200417	jom'e masjid	соборная мечеть				Чош-тепа кўчаси, 3А
n7137204565	41.312462	69.178349	jom'e masjid	соборная мечеть				М.Уйғур кўчаси, 556 А
n7137204566	41.318143	69.174669	jom'e masjid	соборная мечеть				Байроқ-Дурбек кўчаси, 14а
n7137204569	41.320169	69.180106	jom'e masjid	соборная мечеть				Ҳамкор кўчаси, 18
n7137204570	41.286545	69.141262	jom'e masjid	соборная мечеть				Зарафшон кўчаси, 15
n7137204571	41.298130	69.165063	jom'e masjid	соборная мечеть Азиз ота				Учтепа кўчаси, 54
n7137204573	41.303686	69.170524	jom'e masjid	соборная мечеть Хазрати Али				Назарбек кўчаси, 32
n7137204574	41.295299	69.157761	jom'e masjid	соборная мечеть				Юсуф Саккокий 1-тор кўчаси, 21
n7137204575	41.323505	69.163285	jom'e masjid	соборная мечеть				Муаллим кўча, 2
n7137204576	41.323399	69.175283	jom'e masjid	соборная мечеть				Содиқ Мирзаев кўчаси, 2а
n7137204578	41.319152	69.165202	jom'e masjid	соборная мечеть				Оқшом кўчаси, 25а
n7137204581	41.257180	69.200581	NOSIRXON jom`e masjidi	Насырхан	Nasyrkhan			Наққошлик кўчаси 56
n7137204584	41.262459	69.209219	Do‘mbirobod masjidi	Домбрабад	Dombrabad			Дўмбиробод 4 тор кўчаси 23
n7137207588	37.494530	67.248279	NOMOZ XOJIBOBO jom`e masjidi	Соборная мечеть НОМОЗ ХОЖИБОБО	Cathedral Mosque NOMOZ KHOZHIBOBO			
n7137247888	41.264794	69.173790	jom'e masjid	соборная мечеть				И.Усмонов кўча, 17
n7137247891	41.290939	69.197313	jom'e masjid	соборная мечеть				Чўпон ота кўчаси, 28а
n7137247892	41.267145	69.195638	Qatortol ​Masjid	Катартал ​мечеть	Qatortol ​mosque			1-тор Машраб кўчаси 2а
n7137247894	41.344320	69.197344	ESHON-BOBOXON jom`e masjidi	Соборная мечеть ЭШОН-БАБАХАН	Cathedral Mosque ESHON-BABAKHAN		ЭШОН-БОБОХОН жомъе масжиди	Бўстон махалласи Эшон-Бобохон кўчаси 26
n7137247896	41.332218	69.211524	jom'e masjid	соборная мечеть				Алоқа кўчаси, 30
n7137247899	41.347989	69.184414	DORUSSALOM jom`e masjidi	Соборная мечеть ДОРУССАЛАМ	Cathedral Mosque DORUSSALAM			Ўзбекистон маҳалласи Қушқўнди кўчаси 8
n7137247903	41.317918	69.224337	Suzuk Ota jom`e masjidi	Сузук Ата	Suzuk Ata			Сузук ота кўчаси 50 -
n7137247906	41.339097	69.196122	jom'e masjid	соборная мечеть				Хувайдо 2-тор кўча 49а
n7137247907	41.338037	69.168526	jom'e masjid	соборная мечеть				Ибн Сино 2-мавзеси 20а
n7137247908	41.325251	69.220581	jom'e masjid	соборная мечеть				Шомахмудов кўчаси, 50
n7137247911	41.320439	69.232779	jom'e masjid	соборная мечеть				Чорсу мавзеси 13а
n7137247914	41.310076	69.199937	jom'e masjid	соборная мечеть				Қизилғунча кўчаси 4-проезд 4
n7137247916	41.315780	69.225033	Obidxon Mahdum masjidi	Абидхан Махдум	Abidkhan Makhdum			Самарқанд дарвоза маҳалласи Жиззах кўчаси 41
n7137247919	41.350858	69.292317	jom'e masjid	соборная мечеть				Обид Зокиров кўчаси, 14
n7137247920	41.357471	69.291260	jom'e masjid	соборная мечеть				Рафиқов кўчаси 12
n7137247921	41.350112	69.269070	Umar ibn Xattob	Умар Ибн Хаттаб	Umar ibn al-Khattab			Боғиравон 2-тор кўчаси 14
n7137247922	41.363828	69.317453	Oqtepa Jome Masjidi	соборная мечеть				Чинобод кўчаси, 127
n7137247924	41.380466	69.291782	jom'e masjid	соборная мечеть				Кулол-Қўрғон маҳалласи, Туроб Деҳқонов кўчаси, 6
n7137247925	41.393668	69.260681	Hasanboy jome masjidi	Хасанбай	Khasanbay			О.Сойипов кўчаси, 10
n7137247933	41.289466	69.351061	jom'e masjid	соборная мечеть				Бешариқ кўчаси, 17
n7137247934	41.269392	69.355439	HOLID IBN VALID jom`e masjidi	Cоборная мечеть ХАЛИД ИБН ВАЛИД	Cathedral Mosque Khalid ibn Walid			Чилон-ота кўчаси, 17
n7137247935	41.290244	69.335667	Pul Emas ota	Пул Эмас ата	Pul Emas ata			Алимкент, 5-тор кўчаси, 59 а
n7137247936	41.284378	69.327468	jom'e masjid	соборная мечеть				Ховос 1-тор кўчаси 49
n7138304502	40.644540	72.242009	Axmadali Maxdum jome' masjidi	Ахмадали Махдум				
n7138304504	40.845125	72.421255	Qorabosh ota jome' masjidi	Корабош ота				
n7138304505	40.879797	72.497892	Xoldarboy xoji jome' masjidi	Холдарбой хожи				
n7138304506	40.754420	72.470335	Najmiddin qori Otaboyev jome' masjidi	Нажмиддин қори Отабоев				Обод улица, 1
n7138435721	40.706888	72.198145	Mirzo Sharif jome' masjidi	Мирзо Шариф				
n7138435722	40.670607	72.171198	Imom Muhammad jome' masjidi	Имом Мухаммад				
n7138435724	40.614960	72.136735	Mirzaxolik ota jome' masjidi	Мирза Холиқ ота				
n7138435725	40.637231	72.221793	Bobojon qori jome' masjidi	Бобожон кори				
n7138435726	40.749007	72.192452	Xolmatdodxox jome' masjidi	Холматдодхох				
n7138435727	40.584069	72.178546	Muxammad soli xoji jome' masjidi	Мухаммад Соли хожи				
n7138435728	40.594457	72.195580	Mulla Abdulaziz xoji jome' masjidi	Мулла Абдулазиз хожи				Юкори боз улица
n7138435729	40.712821	72.250297	Ikrom xoji jome' masjidi	Икром хожи				Бойгузар улица
n7138435730	40.650176	72.258259	Imomi Zufar jome' masjidi	Имоми Зуфар				
n7138435731	40.640883	72.244302	Xazrati Umar jome' masjidi	Хазрати Умар				29
n7138435732	40.638272	72.238957	Xazrati Usmon jome' masjidi	Хазрати Усмон				126
n7138439716	40.663494	72.160095	Mamir qori jome' masjidi	Мамир кори				
n7138439717	40.630422	72.175085	Markayuz jome' masjidi	Маркаюз				
n7138439718	40.724838	72.265970	Siddiq xoji jome' masjidi	Сиддик хожи				
n7138458344	41.062911	70.086608	Qoraboshboy jom'e masjidi					Зарбулоқ мфй
n7138458345	41.162704	69.671669	Said Ota jom`e masjidi					Bahor ko'chasi, 1
n7138458346	40.401571	69.272841	Dalvarzin jome’ masjidi					
n7138458348	40.532463	69.198951	Do‘stlik jome’ masjidi					
n7138458349	40.481393	69.263191	Amirov Dadaxon jome’ masjidi					
n7138458350	40.535390	69.207060	Chanoq jome’ masjidi					
n7138458351	40.588020	69.245109	Mulla Mamatqul jome’ masjidi					
n7138458352	40.340158	69.246289	Ittifoq jome’ masjidi					
n7138458354	40.287106	69.230258	Mulla Abdug‘offor xoji jome’ masjidi					
n7138458355	40.312181	69.199876	Ulug‘bek jome’ masjidi					
n7138458356	40.303373	69.166233	O‘zbekiston jome’ masjidi					
n7138458357	40.338914	69.142270	Yangiobod jome’ masjidi					
n7138458358	40.271528	69.197519	Xos jome’ masjidi					
n7138458359	40.271956	69.146458	Turkman jome’ masjidi					
n7138458360	40.273209	69.123972	Qushtamg‘ali jome’ masjidi					
n7138458361	40.324700	69.096139	Nayman jome’ masjidi					
n7138458362	40.343348	69.082846	Mulla Norqul jome’ masjidi					
n7138458363	40.366350	69.089064	Achamayli jome’ masjidi					
n7138458366	40.212385	69.244260	Qora mozor jome’ masjidi					Bobur ko'chasi, 7a
n7138458369	41.556282	69.770726	Doniyor bin Ozod jome’ masjidi					
n7138458370	41.570588	69.782114	Olimjon ota jome’ masjidi					
n7138458371	41.550963	69.679245	Mulla Po‘lat ota jome’ masjidi					
n7138458372	41.483513	69.628583	Xazrat Usmon jome’ masjidi					
n7138458374	41.545707	69.685458	Sidqiy Xondaliqiy jome’ masjidi					
n7138458376	41.454877	69.605716	Masat ota jome’ masjidi					
n7138458377	41.675702	69.957064	Sayitboy o‘g‘li vali Xalfa jome’ masjidi	Соборная мечеть САИТБАЙ УГЛИ ВИЛА ХАЛФА			САЙИТБОЙ ЎҒЛИ ВАЛИ ХАЛФА жомъэ масжиди	
n7138458378	41.538967	69.671968	Sori eshon Abduali jome’ masjidi					
n7138458381	41.537699	69.712335	Sari qangli jome’ masjidi					
n7138458382	41.611708	69.723670	Sulton xo‘ja eshtoy bobo jome’ masjidi					
n7138458383	41.497049	69.670529	jom'e masjid	соборная мечеть				Уйинкулсанг мфй
n7138458384	41.613135	69.872031	Jomboy jome’ masjidi					Қизилсув мфй
n7138478687	41.428443	69.599834	Oq ota jome’ masjidi	Аката	Akata			
n7138478688	41.612525	70.091684	Abdukarim hoji jome’ masjidi					
n7138478689	41.448587	69.633074	Qumursqa ota jome’ masjidi					
n7138478690	41.478366	69.649614	Qizil Qang‘li ota jome’ masjidi					
n7138478691	41.694729	70.055822	Toli buva jome’ masjidi					
n7138478694	40.778115	69.097653	Chimildiq ota jome’ masjidi					
n7138478695	40.733786	69.153960	Raxmatulla qori jome’ masjidi					
n7138478696	40.748095	69.027652	Tursun ona jome’ masjidi					
n7138478697	40.808431	69.237133	Qodirxon Mahsum jome’ masjidi					
n7138478698	40.639834	69.214619	Saydali eshon jome’ masjidi					
n7138478699	40.812255	69.285962	Qoraqo‘yli jome’ masjidi					
n7138478700	40.792369	69.128086	Mulla Abduroziq jome’ masjidi					
n7138478701	40.803234	69.196710	Oltish jome’ masjidi					
n7138478703	40.718684	69.110601	Jonjigit qori jome’ masjidi					
n7138478704	40.715313	69.052463	Oqsoq ota jome’ masjidi					
n7138478705	40.718554	69.283511	Rovot jome’ masjidi					
n7138478706	40.698966	69.220503	Bo‘ston jome’ masjidi					
n7138478707	40.782007	69.208270	Polvonto‘ra jome’ masjidi					
n7138478708	40.758233	69.179184	Moytepa jome’ masjidi					
n7138478709	40.735361	69.304190	Eshtoy bobo jome’ masjidi					
n7138478713	41.331105	69.150327	Abdulloh ibn Ravoha jome’ masjidi					
n7138478716	41.337016	69.130826	Amir Hamza ibn Abdumuttolib jome’ masjidi					
n7138478718	41.277474	69.034213	Anas ibn Malik jome’ masjidi					
n7138478726	41.223747	69.138671	Mir Abdullo eshon jome’ masjidi	Мир Абдулла эшан	Mir Abdulla Eshan			
n7138478731	41.312934	69.142309	Fath jome’ masjidi					Мухаммад Мусо Хоразмий мфй
n7138478735	41.392410	69.342041	O‘nqo‘rg‘on jome’ masjidi					
n7138478736	41.416465	69.428133	Masharip ota jome' masjidi					
n7138478739	41.361612	69.384725	Cho'daraxt	Чульдарахт	Chuldaraht			Саллар мфй
n7138478741	41.442843	69.441424	Xo‘jaqo‘rg‘on jome' masjidi					
n7138478742	41.383606	69.469358	Darvish buva jome’ masjidi					
n7138478743	41.424149	69.349592	Dada Muxammad xoji Firdavs jome' masjidi					Ёнарик мфй
n7138478744	41.359721	69.355399	Yalang'och ota jome' masjidi	соборная мечеть				
n7138478746	40.853687	68.933887	Yangi mahalla jome’ masjidi					
n7138478747	40.909905	68.803551	Xo‘ja Axmad Yassaviy jome’ masjidi					
n7138478748	40.985279	69.097203	Toshboy ota jome’ masjidi					
n7138478749	40.981177	69.046034	Olmazor jome’ masjidi					
n7138478750	41.017657	69.123389	Amir Xamza Asadulloh jome’ masjidi					
n7138478751	41.037683	69.128956	Yilqichi jome’ masjidi					
n7138478752	40.907749	68.782587	Arslonbob jome’ masjidi					
n7138478753	40.884138	69.024033	Xo‘ja jome’ masjidi					
n7138478754	40.847067	68.799023	Gul jome’ masjidi					
n7138478755	40.963224	69.049599	jom'e masjid	соборная мечеть				Дўстлик мфй
n7138478757	40.989756	69.367371	Ismat ota jome’ masjidi	Исмат ата	Ismat ata			
n7138478758	41.000473	69.365912	jom'e masjid	соборная мечеть				Чиғириқ мфй
n7138478760	40.915361	69.116305	Juvonmard jome’ masjidi					
n7138478761	40.949621	69.148674	Erbo‘ta qozi jome’ masjidi					
n7138478762	40.984830	69.222661	Imom al-Buxoriy jome’ masjidi					
n7138478763	40.766119	68.956813	Namozboy bobo jome’ masjidi					
n7138478764	40.742025	68.974982	Shoxruxiya jome’ masjidi					
n7138478766	40.902271	69.641252	Xonobod jome’ masjidi	Ханабад	Khanabad			
n7138478767	41.064287	69.443506	Imomi Husain ibn Ali jome’ masjidi					
n7138478768	41.106078	70.333866	Islom nuri jome’ masjidi					
n7138478769	41.059617	69.530595	Quraysh jome’ masjidi					
n7138478770	40.866716	69.677881	Abduqoxxor Maxsum jome’ masjidi					
n7138478771	41.078592	70.250248	Chetsuv jome’ masjidi					
n7138478772	40.906395	69.732258	Qoraxitoy jome’ masjidi					
n7138478773	40.895831	69.881493	Mulla Umar Oxun jome’ masjidi					
n7138478774	40.880272	69.814786	Chilqori jome’ masjidi					
n7138478775	40.877914	69.746620	Qo‘rg‘on shams jome' masjidi					
n7138478776	40.907298	69.937899	Payg‘ambar ota jome’ masjidi					
n7138478777	41.161575	70.346713	Ertosh jome’ masjidi					
n7138478778	41.181220	69.681952	Sirli jome’ masjidi	соборная мечеть				
n7138478780	41.299883	69.679954	Bobo mochin jome’ masjidi					
n7138478781	41.310380	69.628712	Boyqozon jome’ masjidi					
n7138478782	41.248505	69.802529	jom'e masjid	соборная мечеть				Кунгай мфй
n7138478783	41.192131	69.770297	Nevich jome’ masjidi					
n7138478784	41.191762	69.753270	Novdak jome’ masjidi					
n7138478785	41.310862	69.675241	Nurak ota jome’ masjidi					
n7138478786	41.276826	69.794550	Odil ota jome’ masjidi	Адыл ата	Adil ata			
n7138478787	41.308106	69.566303	Ubay ibn Ka’ab jome’ masjidi					
n7138478788	41.299302	69.740286	Fayzulloxon boy jome’ masjidi					
n7138478789	41.308069	69.774656	Xisarak jome’ masjidi					
n7138478790	40.824125	69.352542	Mulla bo‘ta qozi jome’ masjidi					
n7138478792	40.938545	69.258825	O‘smat ota jome’ masjidi					
n7138478793	40.897976	69.487586	Kelovchi jome’ masjidi					
n7138478794	40.829298	69.500367	Ko‘l ota jome’ masjidi					
n7138478795	40.859590	69.410156	Sobirxon ota jome’ masjidi					
n7138478796	40.848310	69.357445	Said ota jome’ masjidi	соборная мечеть Саид Ота				
n7138478798	41.356484	69.133117	Abdulloh ibn Abbos jome’ masjidi					
n7138478799	41.438071	69.345556	Ayri ota jome’ masjidi					
n7138478800	41.463965	69.359268	G‘isht ko‘prik jome’ masjidi					
n7138478801	41.409138	69.180923	Zunnurayn jome’ masjidi					Нурҳаёт мфй
n7138478805	41.389861	69.321109	Raxim ota jome’ masjidi	Рахим Ата	Rakhim Ata			
n7138478806	41.409109	69.212280	jom'e masjid	соборная мечеть				Хиёбон мфй
n7138478808	41.408585	69.262749	Xasan ibn Sobit jome’ masjidi					
n7138478810	41.431526	69.327829	Hoji ota jome’ masjidi					
n7138478811	41.424633	69.311100	Xolmuhammad ota jome' masjidi	ХолМухаммад ота				
n7138478812	41.448709	69.242845	Chuvalachi jome’ masjidi					
n7138478813	41.354977	69.097229	jom'e masjid	соборная мечеть				Оқтош мфй
n7138478814	41.000030	69.304071	Tuyabo‘g‘iz jome’ masjidi	Туябугуз	Tuyabuguz			
n7138478815	41.216560	69.333770	Bektemir jome’ masjidi					
n7138478816	41.135368	69.406308	Boboxon ota jome’ masjidi					
n7138478817	41.072260	69.305341	Sayd Muhammad vali jome’ masjidi					
n7138478819	40.974360	69.368125	Burgalik jome’ masjidi					
n7138478821	41.084007	69.327929	Hazrat Umar jome’ masjidi	Хазрат Умар	Hazrat Umar			
n7138478822	41.172839	69.300501	Xo‘ja korsoz jome’ masjidi					
n7138478824	40.936568	68.760340	Qozi jome’ masjidi					
n7138478825	40.946800	68.733154	Yallama jome’ masjidi					
n7138478826	40.968436	68.860222	Xazrati Ali jome’ masjidi					
n7138478827	41.046822	68.848122	Qulaxmadxo‘ja jome’ masjidi	Кулахмадходжа				
n7138478830	40.970325	68.847347	jom'e masjid	соборная мечеть				Чорвадор мфй
n7138478831	40.957045	68.742190	Saydrahmon to‘ra jome’ masjidi					
n7138478834	41.501849	69.603855	Jalayer O‘rta mahalla jome' masjidi	соборная мечеть				Маърифат мфй
n7138478835	41.314663	69.522840	Abu Hanifa jome’ masjidi					
n7138478836	41.357772	69.552316	Omilxon eshon jome’ masjidi					
n7138478837	41.416726	69.581298	Saksonota jome’ masjidi					
n7138478838	41.252919	69.411103	Bordonko‘l jome’ masjidi	Барданкуль	Bardankul			Нурафшон мфй
n7138478841	41.118817	69.039365	Oltinobod jome' masjidi					Озод мфй
n7138478842	41.089903	69.032365	Eskiqovunchi jome’ masjidi					
n7138478843	41.156599	69.115927	Badr xoji jome’ masjidi					
n7138478844	41.172354	69.228336	jom'e masjid	соборная мечеть				Чортоқ мфй
n7138478847	41.188088	69.120226	Ikrom xoji jome’ masjidi					
n7138478848	41.107467	68.930572	Imomi A’zam jome’ masjidi					
n7138478850	41.135087	68.997292	Keskan jome’ masjidi					
n7138478851	41.090218	69.060588	Qirsadaq jom`e masjidi	Соборная мечеть КИРСАДАК				
n7138478852	41.126114	69.048434	Pusur oqsoqol jome’ masjidi					
n7138478853	41.101715	69.084967	Sayid ibn Zayd jome’ masjidi					
n7138478854	41.139738	69.145077	Sayid ota jome’ masjidi					
n7138478855	41.143296	69.168876	Sultonxon o‘g‘li Murodxon jome’ masjidi					
n7138478856	41.107689	68.952129	Tavxid jome’ masjidi					
n7138478857	41.170623	69.013439	Usmoni Zunnurayn jome’ masjidi					
n7138478858	41.158217	69.018494	Xalqobod jome’ masjidi	Соборная мечеть Халкабад				Xalqobod
n7138478859	41.092437	68.892611	jom'e masjid	соборная мечеть				Умид мфй
n7138478861	41.107218	69.084481	Zayd ibn Sobit jome’ masjidi					
n7138530050	40.875511	71.971396	Mulla Xidirali jome' masjidi	Мулла Хидирали				Боги эрам улица
n7138530051	40.685353	72.280216	Fayziobod jome' masjidi	Файзиобод				
n7138530052	40.715664	72.212420	Imomi Abu Yusuf jome' masjidi	Абу Юсуф				
n7138530053	40.690962	72.224169	Mulla Raimjon jome' masjidi	Мулла Раимжон				
n7138530054	40.658776	72.219741	Toshboy Xalfa jome' masjidi	Тошбой Халфа				
n7139198823	37.456480	67.154460	ABU ISO MUXAMMAD IBN AT TERMIZIY jom`e masjidi	Соборная мечеть АБУ ИСО МУХАММАД ИБН АТ ТИРМИЗИ	Cathedral Mosque ABU ISO MUHAMMAD IBN AT TIRMIZI			Ангор туман Навруз мфй
n7139198824	37.772994	66.810292	jom'e masjid	соборная мечеть				Ангор туман Таллимарон мфй
n7139198826	37.508705	67.023398	NAZARIY jom`e masjidi	Соборная мечеть НАЗАРИЙ	Cathedral Mosque NAZARI			Музработ тумани Гулобод М.Ф.Й Мустақиллик кўчаси
n7139198828	38.149619	67.369635	PULHOKIM jom`e masjidi	Соборная мечеть ПУЛХАКИМ	Cathedral mosque PULKHAKIM			Бойсун туманПулхоким мфй
n7139198829	38.249850	67.189101	AVLOD jom`e masjidi	Соборная мечеть АВЛОД	Cathedral mosque AVLOD			БойсунтуманиМехриобод мфйАвлод кишлог
n7139198834	38.230196	67.320669	SHAYX SHAMSIDDIN jom`e masjidi	Соборная мечеть ШЕЙХ ШАМСИДДИН	Cathedral Mosque SHEIKH SHAMSIDDIN			Бойсун туманиИнкабод махаллаОмонхона қишлоғи
n7139198836	38.324163	67.814999	ILONSOY jom`e masjidi	Соборная мечеть ИЛАНСАЙ	Cathedral Mosque ILANSAI			Денов туман И.Тўраев СИУ (Сув истеъмолчилар уюшмаси) Буюк ипак йўли маҳалласи
n7139198837	38.315651	67.892413	DOMULLO AFANDI jom`e masjidi	Соборная мечеть ДОМУЛЛА АФАНДИ	Cathedral Mosque DOMULLA AFANDI			Денов туман С.Отабоев СИУ Оловуддин маҳалласи
n7139198838	38.326592	67.969245	HAZRAT ALI jom`e masjidi	Соборная мечеть ХАЗРАТ АЛИ	Cathedral Mosque KHAZRAT ALI			Денов туман Ш.Худойназаров СИУ Муқимий маҳалласи
n7139198840	38.227410	67.910693	SHAYX ATTOR VALIY jom`e masjidi	Соборная мечеть ШЕЙХ АТТАР ВАЛИЙ	Cathedral Mosque SHEIKH ATTAR VALY			Денов туман Охунбобоев СИУ Намозгоҳ маҳалласи
n7139198841	38.270751	67.938680	XOJI MIYON ABDUSSAMAD jom`e masjidi	Соборная мечеть ХОДЖИ МИЯН АБДУССАМАД	Cathedral Mosque Khoji Miyan Abdussamad			Денов туман А.Темур СИУ Зарафшон маҳалласи
n7139198842	38.373674	67.828787	MULLO FAYZULLO jom`e masjidi	Соборная мечеть МУЛЛА ФАЙЗУЛЛА	Cathedral Mosque MULLA FAYZULLA			Денов туман С.Раҳимов СИУ Ўзбекистон маҳалласи
n7139198844	38.175411	67.889867	UMARI ODIL jom`e masjidi	Соборная мечеть УМАРИ АДЫЛ	Cathedral Mosque UMARI ADYL			Денов туман Хайробод қўрғони Боғи эрам маҳалласи
n7139198845	38.340320	67.901122	NURIL ISLOM jom`e masjidi	Соборная мечеть НУРИЛ ИСЛАМ				Денов туман Юрчи қўрғони Юрчи маҳалласи
n7139198846	38.308310	67.787543	HIKMAT jom`e masjidi	Соборная мечеть ХИКМАТ	Cathedral Mosque KHIKMAT			Денов туман А.Каримов СИУ Меҳнатобод маҳалласи
n7139198847	38.381467	67.907490	CHAMBIL jom`e masjidi	Соборная мечеть ЧАМБИЛ	Cathedral Mosque CHAMBIL			Денов туман Ўзбекистон СИУ Чамбил маҳалласи
n7139198848	38.290207	67.832965	Abu Hanifa jom`e masjidi	Соборная мечеть АБУ ХАНИФА	Abu Hanifa Mosque			Денов туман Ш.Қобилов СИУ Ўртақишлоқ маҳалласи
n7139198849	37.517994	67.417981	ISLOMOBOD jom`e masjidi	Соборная мечеть ИСЛАМАБАД	Cathedral mosque ISLAMABAD			“Сурхон соҳил” маҳалласи
n7139198850	37.716873	67.499558	QULXO'JA AXMAD YASSAVIY jom`e masjidi	Соборная мечеть КУЛХОДЖА АХМАД ЯССАВИЙ	Cathedral mosque KULKHOZHA AHMAD YASSAVY			“Хўжа қишлоқ” маҳалласи
n7139198851	37.535736	67.472431	TO'RAXON O'G'LI AXMADJON jom`e masjidi	Соборная мечеть ТУРАХОН УГЛИ АХМАДЖАН	Cathedral mosque TURAKHON UGLI AKHMADJON			“Обод гузар” маҳалласи
n7139198852	37.593533	67.460961	OQ QO'RG'ON jom`e masjidi	Соборная мечеть ОК КУРГАН	Cathedral mosque OK KURGAN			“Маданият” маҳалласи
n7139198853	37.481192	67.382614	HAZRATI BILOL jom`e masjidi	Соборная мечеть ХАЗРАТИ БИЛАЛ	Cathedral mosque HAZRATI BILAL			“Палвонлар юрти” маҳалласи
n7139198854	37.475165	67.418012	ISMOIL MIR-OXUR SHONAZAR O'G'LI jom`e masjidi	Соборная мечеть ИСМАИЛ МИР-ОХУР ШОНАЗАР УГЛИ	Cathedral mosque ISMAIL MIR-OKHUR SHOHNAZAR UGLI			“Қорабура” маҳалласи
n7139198855	37.572917	67.449300	HAYITOBOD jom`e masjidi	Соборная мечеть ХАЙИТАБАД	Cathedral mosque KHAYITABAD			“Хайитобод” маҳалласи
n7139198856	37.501933	67.425342	XO'JA ABDUL VARROQ AT-TERMIZIY jom`e masjidi	Соборная мечеть ХУДЖА АБДУЛ ВАРРОК АТ-ТЕРМИЗИЙ	Cathedral mosque KHODJA ABDUL VARROKH AT-TERMIZIY			“Нурли диёр” маҳалласи
n7139198857	37.489583	67.467872	ABU ISO MUHAMMAD AT-TERMIZIY jom`e masjidi	Соборная мечеть АБУ ИСО МУХАММАД АТ-ТЕРМЕЗИЙ	Cathedral mosque ABU ISO MUKHAMMAD AT-TERMIZIY			“Камар” маҳалласи
n7139198858	38.153563	67.760243	SHAYX ATTOR VALIY jom`e masjidi	Соборная мечеть ШЕЙХ АТТОР ВАЛИ	Cathedral Mosque SHEIKH ATTOR VALI			Олтинсой туман Янгиқурилиш маҳаласи Янгиқурилиш кўчаси 20-А уй
n7139198859	38.092167	67.657355	RAHMONBERDI HOJI jom`e masjidi	Соборная мечеть РАХМОНБЕРДИ ХОДЖИ				Олтинсой туман Мустақиллик 10 йиллиги маҳаласиИмом ал-Бухорий кўчаси 20-уй
n7139198860	38.332295	67.628498	SO'FI OLLOHYOR jom`e masjidi	Соборная мечеть СУФИ ОЛЛОЁР	Cathedral Mosque SUFI OLLOYOR			Олтинсой туман Катта Вахшивор маҳаласи Сўфи Оллоёр кўчаси
n7139198861	38.244253	67.709972	SA`D IBN ABU VAQQOS jom`e masjidi	Соборная мечеть СААД ИБН АБУ ВАККАС	Cathedral Mosque SAAD IBN ABU VAKKAS			Олтинсой туман Хўжасоат маҳаласи Истиқлол кўчаси 56-уй
n7139198862	38.179433	67.731189	MINYON ABDUSAID jom`e masjidi	Соборная мечеть МИНЁН АБДУСАИД	Cathedral Mosque MINYON ABDUSAID			Олтинсой туманИпоқ маҳаласи Аллаберди Тўхташов кўчаси
n7139198863	38.112060	67.678489	IMOM BUXORIY jom`e masjidi	Соборная мечеть ИМАМ БУХАРИ	Cathedral Mosque IMAM BUKHARI			Олтинсой туман Халқабод маҳаласи Имом ал-Бухорий кўчаси 19-уй
n7139198864	38.213333	67.728359	XO'JA BURXON jom`e masjidi	Соборная мечеть ХОДЖА БУРХАН	Cathedral Mosque of Khoja Burkhan			Олтинсой туман Мармин маҳаласи Файзли кўчаси
n7139198865	38.194671	67.684535	QORLIQ jom`e masjidi	Соборная мечеть КОРЛИК	Cathedral Mosque KORLIK			Олтинсой туманҚорлиқ маҳаласи Қорлиқ шох кўчаси
n7139198866	38.237388	67.750320	SAYYID MUXIDDINXON jom`e masjidi	Соборная мечеть САЙИД МУХИДДИНХОН	Cathedral Mosque SAYID MUKHIDDINKHON			Олтинсой туманСайрак маҳаласиБўстон кўчаси, 32-уй
n7139198867	38.285115	67.513329	ABDURAHMON IBN AVF jom`e masjidi	Соборная мечеть АБДУРАХМАН ИБН АВФ	Cathedral Mosque ABDURAKHMAN IBN AVF			Олтинсой туман Хўжаипок маҳаласи Ховуз кўчаси
n7139198868	38.203192	67.692296	AXMAD YASSAVIY jom`e masjidi	Соборная мечеть АХМАД ЯССАВИ				Олтинсой туманЖобу маҳаласиЯнги ҳаёт кўчаси
n7139198869	38.136949	67.714524	AHADXON jom`e masjidi	Соборная мечеть АХАДХОН	Cathedral Mosque AHADKHON			Олтинсой туманБотош маҳаласиБотош кўчаси
n7139198870	37.668456	67.237111	CHILGIZ OTA jom`e masjidi	Соборная мечеть ЧИЛГИЗ АТА	Cathedral Mosque CHILGIZ ATA			Рабатак
n7139198871	37.854182	67.377033	SAID MUXAMMAD jom`e masjidi	Соборная мечеть САИД МУХАММАД	Cathedral Mosque SAID MUHAMMAD			Бектепа
n7139198872	37.743135	67.265051	ESHMAMAT O'G'LI QUVOQDIQ jom`e masjidi	Соборная мечеть ЭШМАМАТ УГЛИ КУВОНДИК	Cathedral Mosque EASHMAT UGLI KUVONDIK			Истара
n7139198873	37.733605	67.318959	ESHONU FAYZULLOXON jom`e masjidi	Соборная мечеть ЭШОНУ ФАЙЗУЛЛАХОН	Cathedral Mosque ESHONU FAYZULLAHON			Кармаки
n7139198874	37.733669	67.385970	MULLA OSTONAQUL jom`e masjidi	Соборная мечеть МУЛЛА ОСТОНАКУЛ	Cathedral Mosque MULLA OSTONAKUL			Боғистон
n7139198875	37.584069	67.185826	TAKIYA OTA jom`e masjidi	Соборная мечеть ТАКИЯ АТА	Cathedral Mosque TAKIYA ATA			Такия
n7139198876	37.534228	67.254863	XOMKON jom`e masjidi	Соборная мечеть ХОМКОН	Cathedral Mosque KHOMKON			Гулобод
n7139198877	37.597992	67.272121	SAI`D IBN ABU BAQQOS jom`e masjidi	Соборная мечеть САИД ИБН АБУ ВАККАС	Cathedral Mosque SAID IBN ABU VAKKAS			Навруз
n7139198879	38.013727	67.602539	Umari Odil jom`e masjidi	Соборная мечеть УМАРИ АДИЛ	Umari Odil Mosque			Кумкургон тумани Каттакул Махалласи
n7139198881	37.676222	67.536872	MAMATMURODBOBO jom`e masjidi	Соборная мечеть МАМАТМУРАДБОБО	Cathedral mosque MAMATMURODBOBO			Қумқургон тумани Янгиқишлоқ махалласи
n7139198882	37.757794	67.628031	MUXTORXON HOJI jom'e masjid	Соборная мечеть МУХТОРХОН ХОЖИ	Cathedral mosque MUKHTORKHON KHOJI			Қумқургон тумани Бустон махалласи Анхор кучаси
n7139198883	37.891484	67.644538	ISLOM OTA jom`e masjidi	Соборная мечеть ИСЛАМ ОТА	Cathedral mosque ISLAM OTA			Қумқургон тумани Хуррият махалласи
n7139198884	37.804489	67.634975	MULLO XUDOYBERDI jom`e masjidi	Соборная мечеть МУЛЛА ХУДАЙБЕРДИ	Cathedral mosque MULLA KHUDAYBERDI			Қумқургон тумани Қарсоқли махалласи И.Муминов кучаси
n7139215185	37.795224	67.668598	AXADXON jom`e masjidi	Соборная мечеть АХАДХАН	Cathedral mosque AKHADKHAN			Қумқургон туман Чаёнтепа махалласи
n7139215186	37.730894	67.526177	ABU BAKR SIDDIQ jom`e masjidi	Соборная мечеть АБУ БАКР СИДДИК				Қумқургон тумани Уяс махалласи
n7139215187	37.763342	67.539281	XO'JA MIRSAID jom`e masjidi	Соборная мечеть ХОДЖА МИРСАИД	Cathedral mosque KHODJA MIRSAID			Қумқургон тумани Нурли диёр махалласи
n7139215188	38.029817	67.624117	SHAYX IMOM A`ZAM jom`e masjidi	Соборная мечеть ШЕЙХ ИМАМ АЗАМ	Cathedral mosque SHEIKH IMAM AZAM			Қумқургон тумани Исломобод махалласи Истиқлол кучаси
n7139215189	37.946189	67.718300	DOMLA TILOV QOBIL jom`e masjidi	Соборная мечеть ДОМЛА ТИЛОВ КОБИЛ	Cathedral Mosque of DOMLA TILOV KOBIL			Қумқургон тумани Мехробод махалласи Элбаён кучаси 20 уй
n7139215191	37.676414	67.080463	jom'e masjid	соборная мечеть				“Чўмишли” махалласи
n7139215192	37.772973	66.810326	XIMOYIDDIN TO'RA jom`e masjidi	Соборная мечеть ХИМОЙИДДИН ТУРА	Cathedral Mosque KHIMOYIDDIN TURA			“Қарабоғ” махалласи
n7139215193	37.660755	67.070702	ABDUVAID XOJI jom`e masjidi	Соборная мечеть АБДУВАИД ХОЖИ	Cathedral Mosque ABDUVAID KHOZHI			“Чуқуркўл” Махалласи
n7139215194	37.995476	67.786597	Haydarqul Hojibob jom`e masjidi	Соборная мечеть Хайдаркул Хожибобо	Khaidarkul Hozhibobo Cathedral Mosque			Сурхондарё вилояти Шўрчи тумани Мустақиллик кўча 100 уй
n7139215195	38.013967	67.792994	Imomi A`zam Abu Hanifa jom`e masjidi	Соборная мечеть Имами Аъзам Абу Ханифа	Cathedral Mosque of Imami Azam Abu Hanifa			Сурхондарё вилояти шурчи тумани Боботог маҳалласи Мустакиллик 1 берк кучаси
n7139215196	38.018261	67.776392	Domla Qosim jo`me masjidi	Соборная мечеть Домла Косим	Cathedral Mosque of Domla Kosim			Сурхондарё вилояти Шўрчи тумани Жойилма маҳалласи
n7139215197	38.048636	67.766747	Abubakr Siddiq jom`e masjidi	Соборная мечеть Абубакр Сиддик	Cathedral mosque Abubakr Siddik			Сурхондарё вилояти Шўрчи тумани Бахштепа-1 маҳалласи
n7139215198	37.942839	67.717481	Xo'ja Kabul Axbor jom`e masjidi	Соборная мечеть Ходжа Кабул Ахбор	Cathedral mosque of Khoja Kabul Akhbor			Сурхондарё вилояти Шўрчи тумани Элбаён маҳалласи
n7139215199	37.975850	67.834417	Xidirali o'g'li Erali jom`e masjidi	Соборная мечеть Хидирали угли Эрали	Cathedral mosque Hidirali ugli Erali			Сурхондарё вилояти Шўрчи тумани Лайлакхона маҳалласи
n7139215200	38.092517	67.846925	Eshmat o'g'li Mo'minbobo jom`e masjidi	Соборная мечеть Эшмат угли Муминбобо	Cathedral mosque Eshmat ugli Muminbobo			Сурхондарё вилояти Шўрчи тумани Эгарчи маҳалласи
n7139215201	38.118631	67.864572	Tolli Ota jom`e masjidi	Соборная мечеть Толли Ота	Tolli Ota Cathedral Mosque			Сурхондарё вилояти Шурчи тумани Толли махалласи
n7139317607	38.831000	65.779114	NAVO jom`e masjidi	Соборная мечеть НАВО	Cathedral Mosque NAVO			Қарши шаҳар, Наво МФЙ, Гунгон кўчаси, 4
n7139317609	38.849241	65.809646	QUM QISHLOQ jom`e masjidi	Соборная мечеть КУМ КИШЛАК	Cathedral Mosque KUM KISHLAK			Қарши шаҳар, А.Навоий МФЙ, Қумқишлоқ кўчаси, 44
n7139317610	38.853114	65.800512	MAHOLLOT jom`e masjidi	Соборная мечеть МАХАЛЛОТ	Cathedral Mosque MAHALLOT			Қарши шаҳар, Маҳоллот МФЙ, Тошқудуқ кўчаси, 17
n7139317611	38.876866	65.792486	HONOQOH jom`e masjidi	Соборная мечеть ХАНАКО	Cathedral Mosque KHANAKO			Қарши шаҳар, Қурғонча МФЙ, Ободтурмуш кўчаси, 22
n7139317613	38.649928	65.692746	NAVRO'Z jom`e masjidi	Соборная мечеть НАВРУЗ	Cathedral Mosque NAVRUZ			Янги Нишон шаҳар, Юксалиш МФЙ, Кориниёзий кўчаси, 3
n7139317614	38.756935	65.712703	HAZRATI USMON jom`e masjidi	Соборная мечеть ХАЗРАТИ УСМАН	Cathedral Mosque KHAZRATI USMAN			Нишон тумани, Пахтаобод МФЙ, Мустакиллик кўчаси, 2
n7139317615	38.486755	65.600859	MUNAVVARA jom`e masjidi	Соборная мечеть МУНАВВАРА	Cathedral Mosque MUNAVVARA			Нишон тумани, Куксой МФЙ, Янгиобод кўчаси, 4
n7139317616	38.623721	65.686965	NISHON jom`e masjidi	Соборная мечеть НИШАН	Cathedral Mosque NISHAN			Нишон тумани, Нишон ҚФЙ, Бунёдкор кўчаси, 4
n7139317617	38.496688	65.704973	MULLA O'NGBOY jom`e masjidi	Соборная мечеть МУЛЛА УНГБАЙ	Cathedral Mosque MULLA UNGBAY			Нишон тумани, Навбоҳор ҚФЙ, Навбоҳор кўчаси, 5
n7139317618	38.290256	65.554527	TALIMARJON jom`e masjidi	Соборная мечеть ТАЛИМАРДЖАН	Cathedral Mosque TALIMARJAN			Нишон тумани, Таллимаржон шаҳри, Дўстлик МФЙ, Махтумкули кўчаси, 1
n7139317619	38.746182	66.226980	YARG'UNCHII jom`e masjidi	Соборная мечеть ЯРГУНЧИ	Cathedral Mosque YARGUNCHI			Ғузор тумани, Ярғунчи МФЙ, Ярғунчи қишлоғи, 3
n7139317622	38.667257	66.297747	BATOSH jom`e masjidi	Соборная мечеть БАТОШ	Cathedral Mosque BATOS			Ғузор тумани, Муминобод МФЙ, Батош қишлоғи, 2
n7139317623	38.353538	66.490537	MIYONA jom`e masjidi	Соборная мечеть МИЁНА	Cathedral Mosque MIYONA		Миёна масжиди, эшон Файзуллох бува	Деҳқонобод тумани, Пахтачи МФЙ, Хумдон маҳалласи
n7139317624	38.353258	66.478619	jom'e masjid	соборная мечеть				Деҳқонобод тумани, Ўзбекистон МФЙ, Қорашина қўрғони
n7139317625	38.349920	66.483528	jom'e masjid	соборная мечеть				Деҳқонобод тумани, Чилгаз МФЙ, Чилгаз қишлоғи
n7139317626	38.349477	66.825513	BELIBOYLI OTA jom`e masjidi	Соборная мечеть БЕЛИБОЙЛА АТА	Cathedral Mosque BELIBOIL ATA			Деҳқонобод тумани, Оқтош МФЙ, Пирсикай қишлоғи
n7139317627	38.303187	66.439640	MENGAL HOJI jom`e masjidi	Соборная мечеть МЕНГАЛ ХОДЖИ	Cathedral Mosque MENGAL KHODZHI			Деҳқонобод тумани, Чучукқудуқ МФЙ, Чучукқудуқ қишлоғи
n7139317628	38.265142	66.794708	jom'e masjid	соборная мечеть				Деҳқонобод тумани, Оқработ ҚФЙ, Оқработ қишлоғи
n7139317629	38.266926	66.101303	jom'e masjid	соборная мечеть				Деҳқонобод тумани, Қизилча ҚФЙ, Қизилча қишлоғи
n7139317630	38.443411	66.771832	jom'e masjid	соборная мечеть				Деҳқонобод тумани, Бошчорбоғ ҚФЙ, Боғзағон қишлоғи
n7139317631	38.445025	66.676388	jom'e masjid	соборная мечеть				Деҳқонобод тумани, Чоштепа қишлоғи
n7139317632	38.843432	66.238104	CHIM jom`e masjidi	Соборная мечеть ЧИМ	Cathedral Mosque CHIM			Қамаши тумани, Чим ҚФЙ, Чим қишлоғи, Қўшкапа кўчаси, 79
n7139317633	38.683173	66.759972	Langar Ota jom`e masjidi	Соборная мечеть Лангар Ата	Langar Ata mosque			Қамаши тумани, Кўкбулоқ ҚФЙ, Катта Лангар қишлоғи
n7139317634	38.847530	66.245240	jom'e masjid	соборная мечеть				Қамаши тумани, Кушкапа МФЙ, Чим қишлоғи, Қўшкапа кўчаси, 107
n7139317635	38.892953	66.402483	jom'e masjid	соборная мечеть				Қамаши тумани, Манғит МФЙ, Манғит қишлоғи, Буюк ипак йўли кўчаси
n7139317636	38.827707	66.461899	MIR ALISHER NAVOIY jom`e masjidi	Соборная мечеть МИР АЛИШЕР НАВОИ	Cathedral Mosque MIR ALISHER NAVOI			Қамаши шаҳар, А.Навоий МФЙ, А.Навоий кўчаси, 5
n7139317637	38.821969	66.270010	SANCHIQUL jom`e masjidi	Соборная мечеть САНЖИКУЛ	Cathedral Mosque SANZHIKUL			Қамаши тумани, Жонбуссой ҚФЙ, Гулустон қишлоғи, Гулистон кўчаси, 53
n7139317638	38.908677	66.423222	jom'e masjid	соборная мечеть				Қамаши тумани, Қоратепа ҚФЙ. Қоратепа қишлоғи, Қоратепа кўчаси, 222
n7139317639	38.818835	66.585002	jom'e masjid	соборная мечеть				Қамаши тумани, Бобуртепа МФЙ, Пастол қишлоғи, Тошкент кўчаси, 29
n7139317640	39.043328	65.716333	ABDURAHMON HALIFA jom`e masjidi	Соборная мечеть АБДУРАХМАН ХАЛИФА	Cathedral Mosque ABDURAHMAN KHALIFA			Косон тумани, Пўлати ҚФЙ, Мерганча кўчаси, 3
n7139317642	39.026679	65.582667	CHORGUMBAZ jom`e masjidi	Соборная мечеть ЧОРГУМБАЗ	Cathedral Mosque CHORGUMBAZ			Косон шаҳар, Равот МФЙ, Эски шаҳар йўли кўчаси, 2
n7139317643	39.092488	65.614682	OQTEPA jom`e masjidi	Соборная мечеть АКТЕПА	Cathedral Mosque AKTEPA			Косон тумани, Гулбоғ ҚФЙ, Оқтепа кўчаси, 46
n7139317645	39.035649	65.702129	ALLAYOR ESHON jom`e masjidi	Соборная мечеть АЛЛАЯР ЭШОН	Cathedral Mosque ALLAYAR EASHON			Косон тумани, Айрончи МФЙ, Хўжагулзор кўчаси, 10
n7139317646	38.961903	65.764096	KAMANDI jom`e masjidi	Соборная мечеть КАМАНДИ	Cathedral Mosque KAMANDI			Косон тумани, Обидида МФЙ, Каманди кўчаси, 12
n7139317647	39.194595	65.740601	QORABAYIR jom`e masjidi	Соборная мечеть КОРАБАЙИР	Cathedral Mosque KHORABAYIR			Косон тумани, Мулали МФЙ, Қорабайр кўчаси, 56
n7139317648	39.050974	65.597332	G'OYIB OTA jom`e masjidi	Соборная мечеть ГОЙИБ АТА	Cathedral Mosque GOYIB ATA			Косон шаҳар, Месит МФЙ, Дилкаш кўчаси, 36
n7139317649	39.345838	65.719926	JARQUM jom`e masjidi	Соборная мечеть ДЖАРКУМ	Cathedral Mosque JARKHUM			Косон тумани, Тинчлик ҚФЙ, Мустақиллик кўчаси, 5
n7139317650	39.178473	65.933215	RAXIMSO'FI jom`e masjidi	Соборная мечеть РАХИМСУФИ	Cathedral Mosque RAKHIMSUFI			Косон тумани, Рахимсўфи МФЙ, Раҳимсўфи кўчаси, 117
n7139317652	39.096740	65.348791	NAJOT jom`e masjidi	Соборная мечеть НАЖАТ	Cathedral Mosque NAZHOT			Муборак тумани, Қарлиқ ҚФЙ, Тинчлик кўчаси, 64
n7139317654	38.927131	65.259851	CHORGUMBAZ jom`e masjidi	Соборная мечеть ЧОРГУМБАЗ	Cathedral Mosque CHORGUMBAZ			Миришкор тумани, Женов ҚФЙга қарали Аввона маҳалласи, Муродилло Саидов кўчаси 61
n7139317655	38.787388	65.311319	GULISTON jom`e masjidi	Соборная мечеть ГУЛИСТАН	Cathedral Mosque GULISTAN			Миришкор тумани, Гулистон ҚФЙ, Гулистон қишлоғи, Тошкент кўчаси 15
n7139317656	38.841588	65.179784	jom'e masjid	соборная мечеть				Миришкор тумани, Калта МФЙ, Миришкор қишлоғи, Ўзбекистон кўчаси, 41
n7139317657	39.021993	65.087231	POMUQ jom`e masjidi	Соборная мечеть ПОМУК	Cathedral Mosque POMUK			Миришкор тумани, Ўзбекистон МФЙ, Помуқ қишлоғи, Мустақиллик кўчаси, 47
n7139317658	38.950561	65.389194	jom'e masjid	соборная мечеть				Касби тумани, Касби МФЙ, Касби қишлоғи
n7139317659	38.834221	65.371033	jom'e masjid	соборная мечеть				Касби тумани, Қамаши ҚФЙ, Қамаши қишлоғи
n7139317660	38.908287	65.520009	jom'e masjid	соборная мечеть				Касби тумани, Ғалаба ҚФЙ, Тошқўрғон қишлоғи
n7139317661	38.925157	65.475684	jom'e masjid	соборная мечеть				Касби тумани, Месит МФЙ, Месит қишлоғи
n7139317662	38.996210	65.418639	jom'e masjid	соборная мечеть				Касби тумани, Истиқлол МФЙ, Майманоқ қишлоғи
n7139317663	38.923601	65.415301	jom'e masjid	соборная мечеть				Касби тумани, Хўжакасби МФЙ, Хўжакасби қишлоғи
n7139317664	38.879703	65.385004	jom'e masjid	соборная мечеть				Касби тумани, Чулқувар ҚФЙ, Чулқувар қишлоғи
n7139317665	38.916385	65.401610	jom'e masjid	соборная мечеть				Касби тумани, Муғлон МФЙ, Муғлон қишлоғи
n7139317666	38.901895	65.427743	jom'e masjid	соборная мечеть				Касби тумани, Назартепа МФЙ, Назартепа қишлоғи
n7139317667	38.816601	65.468653	jom'e masjid	соборная мечеть				Касби тумани, Пахтакор ҚФЙ, Фазли қишлоғи
n7139317668	38.977078	65.354124	jom'e masjid	соборная мечеть				Касби тумани, Хўжахарой МФЙ, Хўжахайрон қишлоғи
n7139317669	38.949785	65.420672	jom'e masjid	соборная мечеть				Касби тумани, Қатағон МФЙ, Қатағон қишлоғи
n7139317670	38.808963	65.614393	AKBAR HALIFA jom`e masjidi	Соборная мечеть АКБАР ХАЛИФА	Cathedral Mosque AKBAR KHALIFA			Қарши тумани, Патрон МФЙ, Потрон қишлоғи
n7139317671	38.778846	65.746038	FAYZOBOD jom`e masjidi	Соборная мечеть ФАЙЗАБАД	Cathedral Mosque FAYZABAD			Қарши тумани, Файзобод МФЙ, Файзиобод қишлоғи
n7139317672	38.829745	65.833408	MULLA YUSUF jom`e masjidi	Соборная мечеть МУЛЛА ЮСУФ	Cathedral Mosque Mulla Yusuf			Қарши тумани, Кат МФЙ, Чоргумбаз қишлоғи
n7139317673	38.809721	65.643555	TOSH jom`e masjidi	Соборная мечеть ТАШ	Cathedral Mosque TASH			Қарши тумани, Бодомзор МФЙ, Бодомзор маҳалласи
n7139317675	38.816936	65.682553	jom'e masjid	соборная мечеть				Қарши тумани, Дашт ҚФЙ, Дашт қишлоғи
n7139317676	38.819401	65.706588	GUMBAZ jom`e masjidi	Соборная мечеть ГУМБАЗ	Cathedral Mosque GUMBAZ			Қарши тумани, Лаганди ҚФЙ, Лаганди қишлоғи
n7139317677	38.808381	65.676842	BURXONIDDIN jom`e masjidi	Соборная мечеть БУРХОНИДДИН	Cathedral Mosque BURKHONIDDIN			Қарши тумани, Кожор МФЙ, Кожор қишлоғи
n7139317678	38.775193	65.528935	IMOMAYIN jom`e masjidi	Соборная мечеть ИМОМАЙН	Cathedral Mosque IMOMINE			Қарши тумани, Қовчин ҚФЙ, Қовчин қишлоғи
n7139317679	38.822405	65.696600	XOJI XIZR jom`e masjidi	Соборная мечеть ХОДЖИ ХИЗР	Cathedral Mosque KHODZHI KHIZR			Қарши тумани, Ўзбекистон мустақиллиги МФЙ, Хожихизр қишлоғи
n7139317680	38.861307	65.958401	HILOL jom`e masjidi	Соборная мечеть ХИЛАЛ	Cathedral Mosque HILAL			Қарши тумани, Ҳилол ҚФЙ, Ҳилол қишлоғи
n7139317681	38.760408	65.755276	SAROY jom`e masjidi	Соборная мечеть САРАЙ	Cathedral Mosque SARAY			Қарши тумани, Сарой МФЙ, Сарой қишлоғи
n7139317682	38.933730	65.622340	JUMABOZOR jom`e masjidi	Соборная мечеть ЖУМАБАЗАР	Cathedral Mosque JUMABAZAR			Қарши тумани, Поштон МФЙ, Поштон қишлоғи
n7139317683	38.801651	65.675667	XO'JA HOFIZ jom`e masjidi	Соборная мечеть ХОДЖА ХАФИЗ	Cathedral Mosque of Khoja Hafiz			Қарши тумани, Нукрабод МФЙ, Нукрабод қишлоғи, Х.Ҳофиз кўчаси, 51
n7139317684	38.806804	65.674297	HAZRATI SULTON ABULXAYR jom`e masjidi	Соборная мечеть ХАЗРАТИ СУЛТАН АБУЛХАЙР	Cathedral Mosque KHAZRATI SULTAN ABULKHAYR			Қарши тумани, Бешкент шаҳар, Навбаҳор МФЙ
n7139345985	38.836245	65.725302	MIRMIRON jom`e masjidi	Соборная мечеть МИРМИРОН	Cathedral Mosque MIRMIRON			Қарши тумани, Миронмирон МФЙ, Мирмирон қишлоғи
n7139345986	38.927570	65.927602	FOZIL OTA jom`e masjidi	Соборная мечеть ФАЗИЛ АТА	Cathedral Mosque FAZIL ATA			Қарши тумани, Узумзор МФЙ, Пистакент қишлоғи
n7139345989	39.037970	66.570650	jom'e masjid	соборная мечеть				Чироқчи шаҳар, Боғишамол МФЙ, Хонжон кўчаси
n7139345990	39.083196	66.600183	jom'e masjid	соборная мечеть				Чироқчи тумани, Дўстликдиёри МФЙ, Жар қишлоғи
n7139345991	39.232761	66.342659	jom'e masjid	соборная мечеть				Чироқчи тумани, Чувуллоқ МФЙ, Чувиллоқ қишлоғи
n7139345992	39.276618	66.600227	jom'e masjid	соборная мечеть				Чироқчи тумани, Жалабек МФЙ, Довтош қишлоғи
n7139345993	39.249782	66.180476	jom'e masjid	соборная мечеть				Чироқчи тумани, Янгиҳаёт ҚФЙ, Хардури қишлоғи
n7139345994	39.040979	66.634370	jom'e masjid	соборная мечеть				Чироқчи тумани, Уймавутота ҚФЙ, Уймавутота қишлоғи
n7139345995	39.231575	66.157448	jom'e masjid	соборная мечеть				Чироқчи тумани, Кўкдала ҚФЙ, Кўкдала қишлоғи
n7139345996	39.286779	66.611965	jom'e masjid	соборная мечеть				Чироқчи тумани, Қалқама ҚФЙ, Катта қишлоқ қишлоғи
n7139345997	39.305107	66.634429	jom'e masjid	соборная мечеть				Чироқчи тумани, Қумдарё ҚФЙ, Оқтунли қишлоғи
n7139345998	39.223628	66.179355	jom'e masjid	соборная мечеть				Чироқчи тумани, Чувуллоқ МФЙ, Чувиллоқ қишлоғи
n7139345999	39.363184	66.668002	jom'e masjid	соборная мечеть				Чироқчи тумани, Лангар ҚФЙ, Лангар қишлоғи
n7139346000	39.069725	66.564663	jom'e masjid	соборная мечеть				Чироқчи тумани, Кўктош ҚФЙ, Кўктош қишлоғи
n7139346001	39.026060	66.559200	jom'e masjid	соборная мечеть				Чироқчи тумани, Додиқ ҚФЙ, Додиқ қишлоғи
n7139346002	39.254706	66.149886	jom'e masjid	соборная мечеть				Чироқчи тумани, Аннарўз МФЙ, Аннарўз қишлоғи
n7139346003	39.154905	66.170246	jom'e masjid	соборная мечеть				Чироқчи тумани, Чиял ҚФЙ, Килбурун қишлоғи
n7139346004	39.103085	66.342775	jom'e masjid	соборная мечеть				Чироқчи тумани, Ғаллакор ҚФЙ, Ғаллакор қишлоғи
n7139346005	39.221583	66.099673	jom'e masjid	соборная мечеть				Чироқчи тумани, Туқмор МФЙ, Туқмор қишлоғи
n7139346006	39.166431	66.114709	jom'e masjid	соборная мечеть				Чироқчи тумани, Араббанди МФЙ, Араббанди қишлоғи
n7139346007	39.227385	66.180669	jom'e masjid	соборная мечеть				Чироқчи тумани, Шурқудуқ ҚФЙ, Шурқудуқ қишлоғи
n7139346008	39.348089	66.703821	jom'e masjid	соборная мечеть				Чироқчи тумани, Қуруқсой МФЙ, Қуруксой қишлоғи
n7139346009	39.064212	66.597546	jom'e masjid	соборная мечеть				Чироқчи тумани, Жар ҚФЙ, Жар қишлоғи
n7139346010	39.033556	66.563543	jom'e masjid	соборная мечеть				Чироқчи шаҳар, А.Навоий МФЙ, Теракзор кўчаси
n7139346011	39.008662	66.488940	jom'e masjid	соборная мечеть				Чироқчи тумани, Сарқамиш МФЙ, Сарқамиш қишлоғи
n7139346012	39.002114	66.759479	jom'e masjid	соборная мечеть				Яккабоғ тумани, Қайрағоч ҚФЙ, Қайрағоч қишлоғи
n7139346013	38.930654	66.839828	jom'e masjid	соборная мечеть				Яккабоғ тумани, Ибн Сино МФЙ, Эски Қурғон маҳалласи, 30
n7139346014	38.937666	66.693801	jom'e masjid	соборная мечеть				Яккабоғ тумани, Совуқбулоқ МФЙ, Жавоғи қишлоғи, 368
n7139346015	38.981093	66.689784	jom'e masjid	соборная мечеть				Яккабоғ шаҳар, Янгиобод МФЙ, У.Юсупов кўчаси
n7139346016	38.950518	66.731104	jom'e masjid	соборная мечеть				Яккабоғ тумани, Алакуйлак МФЙ, Алакуйлак қишлоғи
n7139346017	38.983044	66.611623	jom'e masjid	соборная мечеть				Яккабоғ тумани, Чайдари ҚФЙ, Чайдари қишлоғи
n7139346018	38.974334	66.553225	jom'e masjid	соборная мечеть				Яккабоғ тумани, Янгиҳаёт МФЙ, Янгиобод қишлоғи
n7139346019	38.954058	66.720088	jom'e masjid	соборная мечеть				Яккабоғ тумани, Алакуйлак ҚФЙ, Имом Яқуб қишлоғи
n7139346020	38.823362	66.600765	jom'e masjid	соборная мечеть				Яккабоғ тумани, Хўжа Илғор МФЙ, Тўртоғайни қишлоғи
n7139346021	38.824613	66.582881	jom'e masjid	соборная мечеть				Яккабоғ тумани, Сандал ҚФЙ, Корасув қишлоғи
n7139346022	38.923055	66.584984	jom'e masjid	соборная мечеть				Яккабоғ тумани, Эсат ҚФЙ, Ўғин қишлоғи
n7139346023	38.974223	66.797593	jom'e masjid	соборная мечеть				Яккабоғ тумани, Қатағон МФЙ, Чимқурғон қишлоғи
n7139346024	38.969415	66.825348	jom'e masjid	соборная мечеть				Яккабоғ тумани, Дархон МФЙ, Дархон қишлоғи
n7139346025	38.943396	66.545998	jom'e masjid	соборная мечеть				Яккабоғ тумани, Қушчинор МФЙ, Ғуржоб қишлоғи
n7139346026	38.929462	66.650602	jom'e masjid	соборная мечеть				Яккабоғ тумани, Маданият МФЙ, Қутанбой қишлоғи
n7139346027	38.869511	66.764997	jom'e masjid	соборная мечеть				Яккабоғ тумани, Совуқбулоқ МФЙ, Совуқбулоқ қишлоғи
n7139346028	38.927012	66.531991	jom'e masjid	соборная мечеть				Яккабоғ тумани, Эски Яккабог ШФЙ, Татар маҳалласи
n7139346029	38.977269	66.698709	jom'e masjid	соборная мечеть				Яккабоғ шаҳар, Бунёдкор МФЙ, Дўстлик кўчаси, 15
n7139346030	38.844391	66.961675	jom'e masjid	соборная мечеть				Яккабоғ тумани, Турон МФЙ, Турон қишлоғи
n7139346031	39.039391	67.005846	jom'e masjid	соборная мечеть				Шаҳрисабз тумани, Шакартери МФЙ, Шавкан қишлоғи
n7139346032	39.055447	66.831180	jom'e masjid	соборная мечеть				Шаҳрисабз шаҳар, Қозигузар МФЙ, Қозихона кўчаси, 70
n7139346033	39.032439	67.130816	jom'e masjid	соборная мечеть				Шаҳрисабз тумани, Мираки МФЙ, Ўланг кўчаси
n7139346034	39.073590	66.949242	jom'e masjid	соборная мечеть				Шаҳрисабз тумани, Авазмалик МФЙ, Авазмалик қишлоғи
n7139346035	39.077227	67.456017	jom'e masjid	соборная мечеть				Шаҳрисабз тумани, Ғелон МФЙ, Ғелон қишлоғи
n7139346036	39.050320	66.818324	jom'e masjid	соборная мечеть				Шаҳрисабз шаҳар, Қушхона МФЙ, Меьмор кўчаси, 46
n7139346037	39.035262	67.033932	jom'e masjid	соборная мечеть				Шаҳрисабз тумани, Полмон МФЙ, Полмон қишлоғи
n7139346038	39.052304	66.821917	jom'e masjid	соборная мечеть				Шаҳрисабз шаҳар, Қўшҳовуз МФЙ, Ховузмардон кўчаси, 29
n7139346039	39.054917	66.923698	jom'e masjid	соборная мечеть				Шаҳрисабз тумани, Мевазор МФЙ, Мўминобод қишлоғи
n7139346040	39.085175	66.909738	jom'e masjid	соборная мечеть				Шаҳрисабз тумани, Боғишамол МФЙ, Қишлоқча қишлоғи, 1
n7139346041	39.047961	66.664865	jom'e masjid	соборная мечеть				Шаҳрисабз тумани, Шаматон ҚФЙ, Сарой қишлоғи
n7139346042	39.040521	66.804827	jom'e masjid	соборная мечеть				Шаҳрисабз тумани, Аммағон МФЙ, Аммоғон қишлоғи
n7139346043	39.065082	66.833688	jom'e masjid	соборная мечеть				Шаҳрисабз шаҳар, Хўжамурод Бахши МФЙ, Ипак йўли кўчаси, 46
n7139346044	39.064213	66.668440	jom'e masjid	соборная мечеть				Шаҳрисабз тумани, Пахтакор МФЙ, Янги қишлоқ қишлоғи 220
n7139346046	39.087282	66.841002	jom'e masjid	соборная мечеть				Шаҳрисабз шаҳар, Бунёдкор МФЙ, Пахтакор кўчаси, 20
n7139346047	39.117050	67.517635	jom'e masjid	соборная мечеть				Шаҳрисабз тумани, Кўл МФЙ, Кўл қишлоғи
n7139346048	39.054354	66.919273	jom'e masjid	соборная мечеть				Шаҳрисабз тумани, Мевазор МФЙ, Мўминобод қишлоғи
n7139346049	39.017797	66.807748	jom'e masjid	соборная мечеть				Шаҳрисабз тумани, Янгиқишлоқ МФЙ, Янги қишлоқ қишлоғи, 117
n7139346050	39.059159	66.752304	jom'e masjid	соборная мечеть				Шаҳрисабз тумани, Қумқишлоқ МФЙ, Кумқишлоқ қишлоғи
n7139346051	39.006997	67.021105	jom'e masjid	соборная мечеть				Шаҳрисабз тумани, Аччиғи МФЙ, Қатағон қишлоғи
n7139346052	39.033683	66.963207	jom'e masjid	соборная мечеть				Шаҳрисабз тумани, Қутчи МФЙ, Чоршанбе қишлоғи
n7139346053	39.058834	66.817477	jom'e masjid	соборная мечеть				Шаҳрисабз шаҳар, Наврўз МФЙ, Ш.Рашидов кўчаси, 26
n7139346055	39.057470	66.826066	jom'e masjid	соборная мечеть				Шаҳрисабз тумани, Зингирон МФЙ, Матонат кўчаси, 46
n7139346056	39.088272	66.669003	jom'e masjid	соборная мечеть				Шаҳрисабз тумани, Қиёмшайх МФЙ, Қиёмшайх қишлоғи
n7139346057	39.075692	66.720340	jom'e masjid	соборная мечеть				Шаҳрисабз тумани, Духчи МФЙ Духчи қишлоғи
n7139346058	39.147030	66.825973	jom'e masjid	соборная мечеть				Китоб тумани, Бектемир ҚФЙ, Бектемир қишлоғи, Бектемир кўча, 3
n7139346059	39.124294	66.879269	jom'e masjid	соборная мечеть				Китоб шаҳар, Гулистон МФЙ, Буюк Ипак йўли кўчаси, 4
n7139346060	39.147844	66.835215	jom'e masjid	соборная мечеть				Китоб тумани, Бектемир ҚФЙ, Алақуйлик қишлоғи, 31
n7139346061	39.116529	66.769079	jom'e masjid	соборная мечеть				Китоб тумани, Бештерак ҚФЙ, Бештерак қишлоғи, 127
n7139346062	39.209919	67.003622	jom'e masjid	соборная мечеть				Китоб тумани, Қатарбоғ ҚФЙ, Тошлоқ қишлоғи, Тошлоқ кўча, 78
n7139346063	39.122004	66.965972	jom'e masjid	соборная мечеть				Китоб тумани, Сариосиё ҚФЙ, Сариосиё қишлоғи, 176
n7139346064	39.107508	66.991233	jom'e masjid	соборная мечеть				Китоб тумани, Севаз ҚФЙ, Севаз шаҳарчаси, 129
n7139346065	39.120687	66.881537	jom'e masjid	соборная мечеть				Китоб шаҳар, Тошкент МФЙ, Тошкент кўчаси, 2
n7139346066	39.099241	66.992005	jom'e masjid	соборная мечеть				Китоб тумани, Севаз ҚФЙ, Хужаиспараз қишлоғи, 83
n7139346067	39.105823	66.909485	jom'e masjid	соборная мечеть				Китоб тумани, Пахтаобод ҚФЙ, Безқазоқ қишлоғи, Бешқазоқ кўчаси, 139
n7139346068	39.207392	66.750400	jom'e masjid	соборная мечеть				Китоб тумани, Макрид ҚФЙ, Макрид қишлоғи, 13
n7139346069	39.115072	66.899176	jom'e masjid	соборная мечеть				Китоб тумани, Улуғбек МФЙ, Пахтакор кўчаси, 132
n7139346070	39.189750	67.171370	jom'e masjid	соборная мечеть				Китоб тумани, Тогоб ҚФЙ, Туябоши қишлоғи, 17
n7139346071	39.102102	66.859282	jom'e masjid	соборная мечеть				Китоб шаҳар, Санам МФЙ, Шодёна кўчаси, 34
n7139346072	39.124975	66.989437	jom'e masjid	соборная мечеть				Китоб тумани, Севаз ҚФЙ, Хужаилмкони қишлоғи, 87
n7139346073	39.168118	66.692700	jom'e masjid	соборная мечеть				Китоб тумани, Жилисув ҚФЙ, Сарой қишлоғи, 160
n7139346074	39.134041	66.915589	jom'e masjid	соборная мечеть				Китоб тумани, Сурум ҚФЙ, Денов қишлоғи, 138
n7139346075	39.193156	67.245543	jom'e masjid	соборная мечеть				Китоб тумани, Куҳисор ҚФЙ, Юқори Жовуз қишлоғи, 47
n7139346076	39.243805	66.804974	jom'e masjid	соборная мечеть				Китоб тумани, Макрид ҚФЙ, Хонақо қишлоғи, 64
n7139346077	39.117088	66.979212	jom'e masjid	соборная мечеть				Китоб тумани, Севаз ҚФЙ, Гулбоғ қишлоғи, Гулбоғ кўча 156
n7139346078	39.196790	67.269864	jom'e masjid	соборная мечеть				Китоб тумани, Куҳисор МФЙ, Матмон қишлоғи, 15
n7139346079	39.254031	66.672121	jom'e masjid	соборная мечеть				Китоб тумани, Аёқчи ҚФЙ, Аёқчи қишлоғи, 17
n7139346080	39.141084	66.937917	jom'e masjid	соборная мечеть				Китоб тумани, Қуйиоқбой ҚФЙ, Қусам қишлоғи, 53
n7139346081	39.213505	66.974468	jom'e masjid	соборная мечеть				Китоб тумани, Қатарбоғ ҚФЙ, Кушчинор қишлоғи, 76
n7139346082	39.289555	66.748492	jom'e masjid	соборная мечеть				Китоб тумани, Аёқчи ҚФЙ, Юқори Аёқчи қишлоғи, 104
n7139346083	39.212664	67.309481	jom'e masjid	соборная мечеть				Китоб тумани, Куҳисор ҚФЙ, Деновболо қишлоғи, 54
n7139346084	39.051172	67.035204	jom'e masjid	соборная мечеть				Китоб тумани, Тупчоқ ҚФЙ, Равот қишлоғи, 67
n7139346085	39.227629	66.911643	jom'e masjid	соборная мечеть				Китоб тумани, Қайнар ҚФЙ, Қайнар қишлоғи, 24
n7139367593	39.784880	64.437755	Dilkusho jom`e masjidi	Соборная мечеть Дилкушо	Cathedral mosque Dilkusho			Бухоро шаҳар Дилкушо кўчаси
n7139367597	39.766485	64.400161	Xo'ja Mirali masjidi	Мечеть Хожи Мирали				
n7139367598	39.778651	64.420598	Shox Axsaviy jom`e masjidi	Соборная мечеть Шах Ахсавий	Shah Ahsaviy Mosque			Бухоро шаҳар Самарканд кўчаси 46
n7139367602	39.790330	64.438063	Mavlono Shamsuddin Mahbubi jom`e masjidi	Соборная мечеть Мавлоно Шамсиддин Махбуби	Cathedral Mosque Mavlono Shamsiddin Makhbubi			Бухоро шаҳар Тожиқараев кўчаси 47
n7139367607	39.772646	64.412113	Imom G'azzoliy jom`e masjidi	Соборная мечеть Имам Газзолий	Imam Gazzoliy Mosque			Бухоро шаҳар Ғаззолий кўчаси 2
n7139367609	39.776044	64.419134	Said po Bandi Kusho jom`e masjidi	Соборная мечеть Саид по Банки Кушо				Бухоро шаҳар Хоразм кўчаси 1уй
n7139367611	39.774836	64.420019	Poyi Ostona jom`e masjidi	Соборная мечеть Пойи остона	Poyi Ostona Mosque			Бухоро шаҳар Самарканд кўчаси 9
n7139367612	39.784126	64.446317	SHAYX SA`DIY jom`e masjidi	Соборная мечеть ШЕЙХ САДИ	Sheikh Sadi Cathedral Mosque			Бухоро шаҳар Хилолий кўчаси
n7139367613	39.785360	64.418879	ABU BAKR AS-SIDDIQ jom`e masjidi	Соборная мечеть АБУ БАКР АС-СИДДИК	Cathedral mosque ABU BAKR AS-SIDDIQ			Бухоро шаҳар Ф.Юсупов кўчаси 7ауй
n7139367619	40.058930	64.580421	Imom al-Buxoriy jom`e masjid	Соборная мечеть Имом ал Бухарий				Ғиждувон туман Буктарой ҚФЙ Сармижон қишлоғи
n7139367620	40.068999	64.550913	TOSHMASJID jom`e masjidi	Cоборная мечеть ТАШМЕЧЕТЬ	Cathedral Mosque of TOSHMASJID			Ғиждувон туман Буктарой ҚФЙ
n7139367621	40.122834	64.499696	Xo'ja Orif ar Revgariy Mohitobon jom`e masjidi	Соборная мечеть Ходжа Ариф ар Ревгари Махитабан	Cathedral mosque of Khoja Arif ar Revgari Mahitaban			Шофиркон шаҳри Хожа Ориф МФЙ Тагитепа кўчаси
n7139367622	39.911126	64.267241	Xo'ja Ali Rmonitaniy jom`e masjidi	Соборная мечеть Ходжа Али Рамитони	Cathedral mosque of Khoja Ali Romitaniy			Ромитан туман Азизон МФЙ
n7139367623	39.911640	64.214715	Xo'ja Muhammad Boboyi Samosiy jom`e masjidi	Соборная мечеть Ходжа Мухаммад Бобои Самосий	Cathedral Mosque of Khoja Muhammad Boboi Samosiy			Ромитан туман Самосий қишлоғи
n7139367625	39.774347	64.333718	Chahor Bakr jom`e masjidi	Соборная мечеть Чахор-Бакр	Cathedral Mosque Char-Bakr			Бухоро туман Шергирон ҚФЙ Чор Бакр қишлоғи
n7139367626	39.801582	64.537081	Bahovuddin Naqshband jom`e masjidi	Соборная мечеть Бахоуддин Накшбанд				Когон туман Қасри Орифон кўчаси
n7139367627	39.745854	64.580513	Xo'ja Ka`bul Axbor Vali jom`e masjidi	Соборная мечеть Ходжа Кабул Ахбор Вали	Cathedral mosque of Khoja Kabul Akhbor Vali			Когон туман Сиёзи-поён қишлоғи
n7139367629	40.097452	64.309408	Abduzohir jom`e masjidi	Соборная мечеть Абдузохир	Cathedral mosque Abduzokhir			Пешку туман Зандане ҚФЙ Хоркаш қишлоғи
n7139367631	40.032774	64.394403	Chiriqchi jom`e masjidi	Соборная мечеть Чирикчи	Cathedral mosque Chirikchi			Пешку туман Чикирчи МФЙ Янги бозор кўчаси
n7139367632	40.028362	64.387716	Xo'ja Beshik jom`e masjidi	Соборная мечеть Ходжа Бешик	Cathedral mosque of Khoja Beshik			Пешку туман Чикирчи МФЙ Баҳористон кўчаси 5 уй
n7139367633	40.020568	64.328431	Xo'ja Peshku qishlog'i	Соборная мечеть Ходжа Пешку	Cathedral mosque "Khoja Peshkoo"			Пешку туман Хужа Пешку қишлоғи
n7139367634	40.089070	64.283981	Xo'ja Rushnoi jom`e masjidi	Соборная мечеть Ходжа Рушнои	Cathedral Mosque of Khoja Rushnoy			Пешку туман Калай миришкор МФЙ Талисобун қишлоғи
n7139367635	40.105175	64.312664	Halim Polvon jom`e masjidi	Соборная мечеть Халим Полвон	Cathedral Mosque Halim Polvon			Пешку туман Янгиобод МФЙ Офандар қишлоғи
n7139367636	39.845319	64.159592	Qizbibi jomʻe masjidi	Соборная мечеть КЫЗБИБИ	Cathedral Mosque KYZBIBI		ҚИЗБИБИ жомъе масжиди	Жондор туман Ромиш қ.ф.й.
n7139367637	40.064433	64.487915	Xo'ja Maxmud Anjir Faxnaviy jom'e masjidi	Соборная мечеть Хужа Махмуд Анжир Фагнавий 3-pir	Cathedral mosque Khuja Mahmoud Anzhir Fagnaviy			Вобкент туман Анжирбоғ қишлоғи
n7139367639	39.969976	64.637108	Chashmai-Ayub jom`e masjidi	Соборная мечеть Чашма-Аюб	Cathedral mosque Chashma-Ayub			Вобкент туман Хайработча МФЙ Қумработ қишлоғи
n7139416920	40.070982	65.408391	Oqtosh jom`e masjidi	Соборная мечеть АКТАШ	Cathedral mosque AKHTASH			Навоий шахри. Равшанов кучаси 16-а
n7139416924	40.154161	65.481029	JALOYIR jom`e masjidi	Соборная мечеть ДЖАЛОЙИР	Cathedral mosque JALOYIR			Кармана тумани Шибзон МФЙ
n7139416925	40.151482	65.306349	XO'JA SABR OTA jom`e masjidi	Соборная мечеть ХУЖА САБР АТА	Cathedral mosque KHOJA SABR OTA			Навоий тумани . Уйрот МФЙ
n7139416926	40.555157	65.680167	CHIL USTUN jom`e masjidi	Соборная мечеть ЧИЛ УСТУН	Cathedral Mosque CHIL USTUN			Нурота шахри Кургон кучаси 104
n7139416927	40.567696	65.688367	BUDIK jom`e masjidi	Соборная мечеть БУДИК	Cathedral mosque BUDIK			Нурота шахри А.Яссавий 104
n7139416928	40.561104	65.678995	OQMACHIT jom`e masjidi	Соборная мечеть ОКМАЧИТ	Cathedral Mosque OKMACHIT			Нурота шахри Ахунбобоев 42
n7139416929	40.565106	65.680251	BARGSUZ jom`e masjidi	Соборная мечеть БАРГСУЗ	Cathedral Mosque BARGSUZ			Нурота тумани Охунбобоев куча 87
n7139416931	40.558078	65.679691	SAID ATO jom`e masjidi	Соборная мечеть САИД АТО	Cathedral Mosque SAID ATO			Нурота шахри С.Сиддиков куча 12
n7139416932	40.557862	65.681434	DOMALLA jom`e masjidi	Соборная мечеть ДОМАЛЛА	Cathedral Mosque DOMALLA			Нурато тумани Деҳбаланд МФЙ
n7139416933	40.544219	65.864028	YANGIBINO jom`e masjidi	Соборная мечеть ЯНГИБИНО	Cathedral Mosque YANGIBINO			Нурота туман Янгибино кишлоги
n7139416934	40.437082	66.042918	CHUYA jom`e masjidi	Соборная мечеть ЧУЯ	Cathedral Mosque CHUYA			Нурота тумани Чуя кишлоги
n7139416935	40.600276	65.497870	SHOXIMARDON jom`e masjidi	Соборная мечеть ШОХИМАРДОН	Cathedral Mosque SHOKHIMARDON			Нурота тумани Газгон кургони Шайхон махалласи
n7139416936	40.724240	66.415952	AVLIYO OTA jom`e masjidi	Соборная мечеть АВЛИЁ АТА	Cathedral Mosque AVLIE ATA			Нурота т Темирковик кишлоги
n7139416938	40.396075	66.129559	QADOQ jom`e masjidi	Соборная мечеть КАДОК	Cathedral Mosque KADOK			Нурота туман Кадок кишлоги
n7139416939	40.559866	65.689625	OSIYO BALAND jom`e masjidi	Соборная мечеть ОСИЁ БАЛАНД	Cathedral Mosque OSIYO BALAND			Нурота шахри Хамроева кучаси 47
n7139416940	40.487319	66.223884	YANGI TURMUSH jom`e masjidi	Соборная мечеть ЯНГИ ТУРМУШ	Cathedral Mosque YANGI TURMUSH			Нурота т. Янги турмуш қ қ
n7139416941	40.028452	65.967686	SHAYX GADOY SELKIN jom`e masjidi	Соборная мечеть ШЕЙХ ГАДОЙ СЕЛКИН	Cathedral Mosque SHEIKH GADOY SELKIN			Хатирчи туман Янгирабод шахри Э.Курбон кучаси 33
n7139416943	40.082329	65.969262	BADIR OTA jom`e masjidi	Соборная мечеть БАДИР АТА	Cathedral Mosque BADIR ATA			Хатирчи тумани Ибн Сино МФЙ
n7139416945	40.064679	66.035007	TANGRIBERDI BOBO jom`e masjidi	Соборная мечеть ТАНГРИБЕРДИ БАБА	Cathedral Mosque TANGRIBERDI BABA			Хатирчи туман. Оқолтин қишлоғи
n7139416946	40.065185	65.929590	IMOM A`ZAM jom`e masjidi	Соборная мечеть ИМАМ АЗАМ	Cathedral Mosque IMAM AZAM			Хатирчи тумани А.Халилов МФЙ
n7139416949	40.147497	66.010857	KATTA SOY jom`e masjidi	Соборная мечеть КАТТА САЙ	Cathedral Mosque KATTA SAY			Хатирчи тумани «Каттасой» кишлоги
n7139416950	40.057011	65.877052	MULLA MAXMUD jom`e masjidi	Соборная мечеть МУЛЛА МАХМУД	Cathedral Mosque MULLA MAHMUD			Хатирчи тумани Амир Темур МФЙ
n7139416951	40.074964	65.991477	MAXALLIY AZIZ jom`e masjidi	Соборная мечеть МАХАЛЛИ АЗИЗ	Cathedral Mosque MAHALLI AZIZ			Хатирчи тумани Ибн-Сино МФЙ
n7139416952	40.145682	66.094991	UCHKARA jom`e masjidi	Соборная мечеть УЧКАРА	Cathedral Mosque UCHKARA			Хатирчи тумани Учкара МФЙ
n7139416954	40.094226	65.933026	CHANGIR jom`e masjidi	Соборная мечеть ЧАНГИР	Cathedral Mosque CHANGIR			Хатирчи тумани Сарой кишлоги
n7139416955	40.280955	66.062258	MAYDON OTA MIRXALIL jom`e masjidi	Соборная мечеть МАЙДАН АТА МИРХАЛИЛ	Cathedral Mosque MAIDAN ATA MIRKHALIL			Хатирчи тумани Майдонсой кишлоги
n7139416956	40.054833	65.949770	IMOM AL-BUXORIY jom`e masjidi	Соборная мечеть ИМАМ АЛЬ-БУХАРИ	Cathedral Mosque IMAM AL-BUKHARI			Хатирчи тумани Шуликтепа кишлоги
n7139416957	40.042156	65.979398	RAIM DEVONA jom`e masjidi	Соборная мечеть РАИМ ДЕВОНА	Cathedral Mosque RAIM DEVONA			Хатирчи тумани Чинобод кишлоги
n7139416958	40.039836	65.999073	MULLA XIYOL BOBO jom`e masjidi	Соборная мечеть МУЛЛА ХИЁЛ БАБА	Cathedral Mosque MULLA KHIYOL BABA			Хатирчи тумани Қовоқ кишлоги
n7139416959	40.106503	65.908985	SAROY jom`e masjidi	Соборная мечеть САРАЙ	Cathedral Mosque SARAY			Хатирчи тумани Сарой кишлоги
n7139416960	40.100913	65.855482	SHOMUROD OTA jom`e masjidi	Соборная мечеть ШАМУРАД АТА	Cathedral Mosque SHAMURAD ATA			Хатирчи т. Ок-олтин МФЙ
n7139416961	40.250814	66.000648	OLTINSOY jom`e masjidi	Соборная мечеть АЛТЫНСАЙ	Cathedral Mosque ALTYSAY			Хатирчи туман Олтинсой кишлоги
n7139416962	40.065219	65.937188	AHMAD YASSAVIY jom`e masjidi	Соборная мечеть АХМАД ЯССАВИ	Cathedral Mosque AHMAD YASSAVI			Хатирчи туман А.Халилов МФЙ
n7139416963	40.044524	65.954309	ISLOM NURI jom`e masjidi	Соборная мечеть ИСЛАМ НУРИ	Cathedral Mosque ISLAM NURI			Хатирчи туман Ширинобод гузари
n7139416964	40.229413	66.097663	IZOMUDDIN MUDARRIS jom`e masjidi	Соборная мечеть ИЗОМУДДИН МУДАРРИС	Cathedral Mosque IZOMUDDIN MUDARRIS			Хатирчи туман Олтинсой Карейс кишлоги
n7139416965	40.225676	65.933092	XO'JA XOLMUXAMMAD jom`e masjidi	Соборная мечеть ХОДЖА ХОЛМУХАММАД	Cathedral Mosque KHOJA KHOLMUHAMMAD			Хатирчи туман Олтинсой МФЙ Хонақа қишлоғи
n7139416966	40.032122	65.855192	XOJI MAXMUDJON VALIXON O'G'LI jom`e masjidi	Соборная мечеть ХОЖИ МАХМУДХАН ВАЛИХАН УГЛИ	Cathedral Mosque KHOZHI MAHMUDKHAN VALIKHAN UGLI			Хатирчи туман Тортувли кишлоги
n7139416968	40.088695	65.734375	OLLOXDO'ST jom`e masjidi	Соборная мечеть АЛЛАХДУСТ	Cathedral Mosque ALLAHDUST			Хатирчи тумани К.Рахматов МФЙ
n7139416969	40.107462	65.752752	POLVON OTA jom`e masjidi	Соборная мечеть ПАЛВАН АТА	Cathedral Mosque PALVAN ATA			Хатирчи тумани К.Рахматов МФЙ
n7139416970	40.276579	65.133537	MIX OTA jom`e masjidi	Соборная мечеть МИХ ОТА	Cathedral mosque MIKH OTA			Конимех тумани Х.Олимжон МФЙ Курама кишлоги
n7139416972	40.285868	64.990773	QILICH OTA jom`e masjidi	Соборная мечеть КИЛИЧ ОТА	Cathedral mosque KHILICH OTA			Конимех туман Шуркул МФЙ Янгобод кишлоги
n7139416973	40.067736	64.815684	BOYAZID BASTOMIY jom`e masjidi	Соборная мечеть БОЯЗИД БАСТОМИ	Cathedral Mosque BOYAZID BASTOMI			Қизилтепа ш. М.Улугбек кучаси 1
n7139416974	40.026924	64.762382	TOSH MASJID jom`e masjidi	Соборная мечеть ТАШ МАСЖИД	Cathedral Mosque TASH MASJID			Қизилтепа т. К.Кобилов МФЙ
n7139416975	40.125340	64.835257	MAYTA jom`e masjidi	Соборная мечеть МАЙТА	Cathedral Mosque MAITA			Қизилтепа т. Узбекистон МФЙ
n7139416976	40.168396	64.949538	XO'JA XASAN ANDOKIY jom`e masjidi	Соборная мечеть ХУДЖА ХАСАН АНДОКИ	Cathedral Mosque KHUJA HASAN ANDOKI			Қизилтепа т. Тошрабод МФЙ
n7139416977	40.005603	64.700254	XO'JA SA`DI VAQQOS jom`e masjidi	Соборная мечеть ХУДЖА САДИ ВАККОС	Cathedral Mosque of KHUDJA SADI VAKKOS			Қизилтепа т. Зарметан МФЙ
n7139416979	40.181994	64.936623	jom'e masjid	соборная мечеть				Қизилтепа т. Тошрабод МФЙ
n7139416980	40.001612	64.740872	Xo'ja Jalol jom`e masjidi	Соборная мечеть Хужа Жалал				Қизилтепа ш. Дехконобод МФЙ Асноб кишлоги
n7139416981	39.982158	64.794079	XO'JA MASHRIFAT NABIY jom`e masjidi	Соборная мечеть ХОДЖА МАШРИФАТ НАБИ	Cathedral Mosque KHODJA MASHRIFAT NABI			Қизилтепа т. Мехнат Рохат МФЙ
n7139416982	40.114616	64.827975	QIZILBIBI jom`e masjidi	Соборная мечеть КЫЗЫЛБИБИ	Cathedral Mosque KYZYLBIBI			Қизилтепа т. Гардиён кфй
n7139416983	39.964111	64.738826	MUHAMMAD VOSIX jom`e masjidi	Соборная мечеть МУХАММАД ВАСИХ	Cathedral Mosque MUHAMMAD VASIKH			Қизилтепа тумани Шейхон МФЙ
n7139416984	39.987619	64.689026	AZIZOBOD jom`e masjidi	Соборная мечеть АЗИЗАБАД	Cathedral Mosque AZIZABAD			Қизилтепа т. Азизобод МФЙ
n7139429085	39.965732	64.700335	ABU BAKR SIDDIQ jom`e masjidi	Соборная мечеть АБУ БАКР СИДДИК	Cathedral Mosque ABU BAKR SIDDIK			Қизилтепа тумани Варозун МФЙ
n7139429087	40.192874	65.184091	ARABXONA KATTA jom`e masjidi	Соборная мечеть АРАБХОНА КАТТА	Cathedral Mosque of ARABKHON KATTA			Навбахор т. Навоий МФЙ
n7139429088	40.185527	65.168494	G'OYIB OTA jom`e masjidi	Соборная мечеть ГОЙИБ ОТА	Cathedral Mosque GOYIB OTA			Навбахор т. Навоий МФЙ
n7139429090	40.141121	65.594639	XO'JA AXMAD YASSAVIY jom`e masjidi	Соборная мечеть ХУЖА АХМАД ЯССАВИ	Cathedral Mosque of KHUZHA AHMAD YASSAVI			Навбахор т. Навруз МФЙ
n7139429091	40.195233	65.471371	Uchtut jom`e masjidi	Соборная мечеть УЧТУТ	Uchtut Mosque			Навбахор т. Учтут МФЙ
n7139429092	40.230089	65.285380	XON XO'JA ESHON BOBO jom`e masjidi	Соборная мечеть ХОН ХУЖА ЭШОН БОБО	Cathedral Mosque KHON KHUZHA ESHON BOBO			Навбахор туман. Бешработ ҚФЙ.
n7139429093	40.191524	65.235122	AXTAM SAXOBA jom`e masjidi	Соборная мечеть АХТАМ САХОБА	Cathedral Mosque AKHTAM SAHOBA			Навбахор т. Янгикургон МФЙ
n7139429094	40.173477	65.576283	Xo'jaibo'g'dod jom`e masjidi	Соборная мечеть ХУЖАИБОГДОД	Xo'jaibo'g'dod Mosque			Навбахор тумани Ижанд МФЙ Туркистон к.ф.й
n7139515267	39.627456	66.954299	Abdulla Ibn Abbos jom`e masjidi	Соборная мечеть АБДУЛЛА ИБН АББОС	Abdulla Ibn Abbas Mosque			Самарқанд шаҳар Бунёдкор маҳалласи
n7139515268	39.665230	66.917399	DAMARIQ jom`e masjidi	Соборная мечеть ДАМАРИК	Cathedral mosque DAMARIKH			Самарқанд шаҳар Ҳ.Асадов Кўча 28
n7139515270	39.630082	66.942528	DOMLA KAMOLIDDIN jom`e masjidi	Соборная мечеть ДОМЛА КАМАЛИДДИН	Cathedral mosque DOMLA KAMALIDDIN			Самарқанд шаҳар Профессорлар кўча 51-а
n7139515271	39.658650	66.981466	Qoraboy Oqsaqol jom`e masjidi	Соборная мечеть КАРАБАЙ АКСАКАЛ	Khorabay Aksakal Mosque			Самарқанд шаҳар Абу Лас Самарқандий кўча 147
n7139515272	39.657697	66.975642	Qo'sh Hovuz jom`e masjidi	Куш Хавуз	Kush Havuz Mosque			Самарқанд шаҳар Қўшҳовуз кўча 68
n7139515273	39.661170	66.997390	Qo'shboqqolli jom`e masjidi	Соборная мечеть КУШБАККОЛЛИ	Kushbokoli Mosque			Самарқанд шаҳар Т.Зеҳний кўча 25
n7139515274	39.666089	66.944707	Lahutiy jom`e masjidi	Соборная мечеть ЛАХУТИ	Lahutiy Mosque			Самарқанд шаҳар Лоҳутий кўча 113-а
n7139515275	39.667744	66.929525	Murod Avliyo masjidi	соборная мечеть Мурад Авлия				Самарқанд шаҳар Мурод Авлиё кўча 35-а
n7139515277	39.676319	66.997341	Obi Rahmat jom`e masjidi	Соборная мечеть ОБИ РАХМАТ	Obi Rakhmat Mosque			Самарқанд шаҳар Обираҳмат кўча 45-а
n7139515280	39.653568	66.984118						Самарқанд шаҳар Вобкенд кўча 82
n7139515282	39.635114	66.919953	Xo'ja Abdu Mo'min jom'e masjid	соборная мечеть "Ходжа Абду Мумин"	Khodja Abdu Mumin Mosque			Самарқанд шаҳар Саттепо маскани Туркистон кўча 185-а
n7139516187	39.658326	66.959836	Xo'ja Yusuf Hamadoniy jom`e masjidi	Соборная мечеть ХОДЖА ЮСУФ ХАМАДАНИ	Khoja Yusuf Hamadani Mosque		ХЎЖА ЮСУФ ҲАМАДОНИЙ жомъе масжиди	Самарқанд шаҳар Хўжа Юсуф Ҳамадоний 54
n7139516189	39.650008	66.893694	jom'e masjid	соборная мечеть				Самарқанд туман Арабхона қишлоқ
n7139516190	39.661000	67.025544	jom'e masjid	соборная мечеть				Самарқанд туман Қўштамғали қишлоқ
n7139516191	39.650008	66.893694	jom'e masjid	соборная мечеть				Самарқанд туман Туркман қишлоқ
n7139516193	39.618854	66.953245	Xo'ja Ahrori Vali jom`e masjidi	Соборная мечеть Худжа Ахрори Вали	Cathedral Mosque of Khoja Ahrori Vali	Xo'ja Ahrori Vali jom`e masjidi		Самарқанд туман
n7139516194	39.515697	66.890839	jom'e masjid	соборная мечеть				Самарқанд туман Равонак қишлоқ
n7139516195	39.622861	67.102944	jom'e masjid	соборная мечеть				Тайлоқ тумани Наққашон маҳалла
n7139516196	39.538264	67.276892	jom'e masjid	соборная мечеть				Тайлоқ тумани Бачки маҳалла
n7139516197	39.575839	67.172264	jom'e masjid	соборная мечеть				Тайлоқ тумани Боғизағон маҳалла
n7139516198	39.575192	67.065150	jom'e masjid	соборная мечеть				Тайлоқ тумани Гадойқушчи маҳалла
n7139516199	39.557269	67.261272	jom'e masjid	соборная мечеть				Тайлоқ тумани Ғўлба маҳалла
n7139516200	39.508864	67.202428	jom'e masjid	соборная мечеть				Тайлоқ тумани Жалолобод маҳалла
n7139516201	39.629892	67.053217	jom'e masjid	соборная мечеть				Тайлоқ тумани Маданият маҳалла
n7139516202	39.596747	67.150258	jom'e masjid	соборная мечеть				Тайлоқ тумани Янгиҳаёт маҳалла
n7139516203	39.511456	67.249331	jom'e masjid	соборная мечеть				Тайлоқ тумани Бўтабой маҳалла
n7139516204	39.533633	67.256664	jom'e masjid	соборная мечеть				Тайлоқ тумани Яланғоч маҳалла
n7139516205	39.568989	67.046197	jom'e masjid	соборная мечеть				Тайлоқ тумани Найман 1 маҳалла
n7139516206	39.585506	67.133758	jom'e masjid	соборная мечеть				Тайлоқ тумани Сариосиё маҳалла
n7139516207	39.561208	67.170608	jom'e masjid	соборная мечеть				Тайлоқ тумани Таллиота маҳалла
n7139516208	39.599424	67.093630	Kattatayloq jom'e masjid	Соборная мечеть Каттатайлок				Тайлоқ тумани Каттатайлоқ маҳалла
n7139516209	39.583006	67.049950	jom'e masjid	соборная мечеть				Тайлоқ тумани Пайшанбисиёб маҳалла
n7139516210	39.601064	67.039794	jom'e masjid	соборная мечеть				Тайлоқ тумани Сочак 1 маҳалла
n7139516211	39.551903	67.191494	jom'e masjid	соборная мечеть				Тайлоқ тумани Ўртақишлоқ маҳалла
n7139516212	39.605783	67.111453	jom'e masjid	соборная мечеть				Тайлоқ тумани Пайшанбисиёб маҳалла
n7139516213	39.601575	67.073264	jom'e masjid	соборная мечеть				Тайлоқ тумани Қовчин маҳалла
n7139516214	39.531044	67.180831	jom'e masjid	соборная мечеть				Тайлоқ тумани Ястепа маҳалла
n7139516215	39.408678	67.247825	jom'e masjid	соборная мечеть				Ургут шаҳар Камардон МФЙ
n7139516216	39.462069	67.211725	jom'e masjid	соборная мечеть				Ургут тумани Алгар МФЙ
n7139516217	39.491067	67.280692	jom'e masjid	соборная мечеть				Ургут тумани Санчиқул МФЙ
n7139516218	39.504514	67.198700	jom'e masjid	соборная мечеть				Ургут тумани Ўрамас МФЙ
n7139516219	39.531236	67.101847	jom'e masjid	соборная мечеть				Ургут тумани Бешёғоч МФЙ
n7139516220	39.397364	67.234958	jom'e masjid	соборная мечеть				Ургут шаҳар Гулистон МФЙ
n7139516221	39.468344	67.225786	jom'e masjid	соборная мечеть				Ургут тумани Қуйитегана МФЙ
n7139516222	39.494864	67.163908	jom'e masjid	соборная мечеть				Ургут тумани Ғишмасжид МФЙ
n7139516223	39.465817	67.291089	jom'e masjid	соборная мечеть				Ургут тумани Бешкапа МФЙ
n7139516224	39.455897	67.131311	jom'e masjid	соборная мечеть				Ургут тумани Бешкапа МФЙ
n7139516225	39.414053	67.236561	jom'e masjid	соборная мечеть				Ургут шаҳар Боғишамол МФЙ
n7139516226	39.523744	67.318853	jom'e masjid	соборная мечеть				Ургут тумани Бойбул МФЙ
n7139516227	39.480869	67.252433	jom'e masjid	соборная мечеть				Ургут тумани Қайроқли МФЙ
n7139516228	39.385564	67.318781	jom'e masjid	соборная мечеть				Ургут тумани Еттиуйлик МФЙ
n7139516229	39.474594	67.316889	jom'e masjid	соборная мечеть				Ургут тумани Ғойиб ота МФЙ
n7139516230	39.397578	67.240764	jom'e masjid	соборная мечеть				Ургут шаҳар Ғузни МФЙ
n7139516231	39.394153	67.315617	jom'e masjid	соборная мечеть				Ургут тумани Қуйигузар МФЙ
n7139516232	39.400964	67.172692	jom'e masjid	соборная мечеть				Ургут тумани Вағашти МФЙ
n7139516233	39.428639	67.418572	jom'e masjid	соборная мечеть				Ургут тумани Чумчуқли МФЙ
n7139516234	39.397161	67.242117	jom'e masjid	соборная мечеть				Ургут шаҳар Кулоллик МФЙ
n7139516235	39.466928	67.186067	jom'e masjid	соборная мечеть				Ургут тумани Ипакли МФЙ
n7139516236	39.499575	67.267697	jom'e masjid	соборная мечеть				Ургут тумани Ўроқбойжар МФЙ
n7139516237	39.416333	67.279575	jom'e masjid	соборная мечеть				Ургут тумани Саптанг МФЙ
n7139516239	39.401517	67.003244	jom'e masjid	соборная мечеть				Ургут тумани Қоратепа МФЙ
n7139516240	39.465100	67.386369	jom'e masjid	соборная мечеть				Ургут тумани Қинғир МФЙ
n7139516241	39.485553	67.330222	jom'e masjid	соборная мечеть				Ургут тумани Қуйиқишлоқ МФЙ
n7139516242	39.499756	67.127622	jom'e masjid	соборная мечеть				Ургут тумани Манғитобод МФЙ
n7139516243	39.376858	66.961392	jom'e masjid	соборная мечеть				Ургут тумани Ватак МФЙ
n7139516244	39.417836	67.259489	jom'e masjid	соборная мечеть				Ургут шаҳар Чағизмон МФЙ
n7139516245	39.421981	67.288406	jom'e masjid	соборная мечеть				Ургут тумани Сатанг МФЙ
n7139516246	39.455153	67.180006	jom'e masjid	соборная мечеть				Ургут тумани Мирзақишлоқ МФЙ
n7139516247	39.450478	67.369061	jom'e masjid	соборная мечеть				Ургут тумани Жарқишлоқ МФЙ
n7139516248	39.513342	67.020725	jom'e masjid	соборная мечеть				Ургут тумани Қорабулоқ МФЙ
n7139516249	39.403278	67.401450	jom'e masjid	соборная мечеть				Ургут тумани Мўминобод МФЙ
n7139516250	39.393517	67.368892	jom'e masjid	соборная мечеть				Ургут тумани Муродқишлоқ МФЙ
n7139516251	39.452150	67.214669	jom'e masjid	соборная мечеть				Ургут тумани Алохотун МФЙ
n7139516252	39.408408	67.275892	jom'e masjid	соборная мечеть				Ургут тумани Тошариқ МФЙ
n7139516253	39.446014	67.124456	jom'e masjid	соборная мечеть				Ургут тумани Нисбот МФЙ
n7139516254	39.415528	67.271619	jom'e masjid	соборная мечеть				Ургут тумани Пахмоб МФЙ
n7139516255	39.469047	67.277850	jom'e masjid	соборная мечеть				Ургут тумани Почвон МФЙ
n7139516256	39.461400	67.266019	jom'e masjid	соборная мечеть				Ургут тумани Хўжабалнд МФЙ
n7139516257	39.537236	67.355922	jom'e masjid	соборная мечеть				Ургут тумани Сарой МФЙ
n7139516258	39.404444	67.308697	jom'e masjid	соборная мечеть				Ургут тумани Сойгузар МФЙ
n7139516259	39.369319	67.289008	jom'e masjid	соборная мечеть				Ургут тумани Сой Ғўс МФЙ
n7139516260	39.463975	67.238642	jom'e masjid	соборная мечеть				Ургут тумани Юқоритегана МФЙ
n7139516261	39.391564	67.307264	jom'e masjid	соборная мечеть				Ургут тумани Ўртагузар МФЙ
n7139516262	39.384853	67.363447	jom'e masjid	соборная мечеть				Ургут тумани Тўрткўл МФЙ
n7139516263	39.500417	67.292267	jom'e masjid	соборная мечеть				Ургут тумани Узунқишлоқ МФЙ
n7139516264	39.502858	67.212069	jom'e masjid	соборная мечеть				Ургут тумани Ўрамас МФЙ
n7139516265	39.316167	66.967975	jom'e masjid	соборная мечеть				Ургут тумани Омонқўтон МФЙ
n7139516266	39.381292	66.974622	jom'e masjid	соборная мечеть				Ургут тумани Терсак 1 МФЙ
n7139516267	39.399992	67.267792	jom'e masjid	соборная мечеть				Ургут шаҳар Торинжак МФЙ
n7139516268	39.399253	67.191153	jom'e masjid	соборная мечеть				Ургут тумани Камангарон МФЙ
n7139516269	39.441231	67.435475	jom'e masjid	соборная мечеть				Ургут тумани Чеп МФЙ
n7139516270	39.415239	67.166578	jom'e masjid	соборная мечеть				Ургут тумани Терсак МФЙ
n7139516271	39.399717	67.245625	jom'e masjid	соборная мечеть				Ургут шаҳар А.Шукурий 31
n7139516272	39.391986	67.243264	jom'e masjid	соборная мечеть				Ургут шаҳар Сўфиён МФЙ
n7139516275	39.770778	67.276392	jom'e masjid	соборная мечеть				Булунғур тумани Улуғбек маҳалла Ифтихор кўча
n7139516276	39.607639	67.308011	jom'e masjid	соборная мечеть				Булунғур тумани Чангал маҳалласи
n7139516277	39.796028	67.259303	jom'e masjid	соборная мечеть				Булунғур тумани Бешқўтон маҳалласи
n7139516278	39.751192	67.354231	jom'e masjid	соборная мечеть				Булунғур тумани Соҳибкор маҳалласи
n7139516279	39.699547	67.250800	jom'e masjid	соборная мечеть				Булунғур тумани Исори Ўроқли маҳалласи
n7139516280	39.642481	67.411631	jom'e masjid	соборная мечеть				Булунғур тумани Килдон маҳалласи
n7139516281	39.658325	67.374497	jom'e masjid	соборная мечеть				Булунғур тумани Кичик Килдон маҳалласи
n7139516282	39.634519	67.352300	jom'e masjid	соборная мечеть				Булунғур тумани Ниёзмат маҳалласи
n7139516283	39.707014	67.312447	jom'e masjid	соборная мечеть				Булунғур тумани Оқтепа маҳалласи
n7139516284	39.604669	67.358378	jom'e masjid	соборная мечеть				Булунғур тумани Каттақишлоқ маҳалласи
n7139516285	39.637514	67.276392	jom'e masjid	соборная мечеть				Булунғур тумани Қирқшоди маҳалласи
n7139516286	39.624906	67.358719	jom'e masjid	соборная мечеть				Булунғур тумани Сариқипчоқ маҳалласи
n7139516287	39.643578	67.231581	jom'e masjid	соборная мечеть				Булунғур тумани Сулувқўрғон маҳалласи
n7139516288	39.765622	67.287022	jom'e masjid	соборная мечеть				Булунғур тумани Эрганакли маҳалласи
n7139516289	39.606500	67.396161	jom'e masjid	соборная мечеть				Булунғур тумани Мўғол маҳалласи
n7139516290	39.733539	67.332328	jom'e masjid	соборная мечеть				Булунғур тумани Эрганакли маҳалласи
n7139516291	39.747928	67.162606	jom'e masjid	соборная мечеть				Жомбой тумани Бешбола маҳалласи
n7139516292	39.774178	67.042217	jom'e masjid	соборная мечеть				Жомбой тумани Қанғли маҳалласи
n7139516293	39.792836	67.080283	jom'e masjid	соборная мечеть				Жомбой тумани Хитойпоён маҳалласи
n7139516294	39.690844	67.101144	jom'e masjid	соборная мечеть				Жомбой тумани Гулистон маҳалласи
n7139516295	39.774156	67.027453	jom'e masjid	соборная мечеть				Жомбой тумани Журият маҳалласи
n7139516296	39.720661	67.081906	jom'e masjid	соборная мечеть				Жомбой тумани Каттақишлоқ маҳалласи
n7139516297	39.817428	67.133497	jom'e masjid	соборная мечеть	jom'e masjid Xudoydod Valiy			Жомбой тумани Ғазира маҳалласи
n7139516298	39.933658	66.651694	jom'e masjid	соборная мечеть				Оқдарё туман Янгиқўрғон МФЙ
n7139516299	39.892606	66.783958	jom'e masjid	соборная мечеть				Оқдарё туман Ўзбекистон МФЙ
n7139516300	39.863683	66.718664	jom'e masjid	соборная мечеть				Оқдарё туман Янгиравод-1 МФЙ
n7139516301	39.880172	66.744183	jom'e masjid	соборная мечеть				Оқдарё туман Лойиш мфй
n7139516302	39.914050	66.609144	jom'e masjid	соборная мечеть				Оқдарё туман Сўғончи МФЙ
n7139516303	39.893128	66.741794	jom'e masjid	соборная мечеть				Оқдарё туман А.Темур мфй
n7139516304	39.762635	66.917226	MAXMUDI A`ZAM jom`e masjidi	Соборная мечеть МАХМУДИ АЪЗАМ	Cathedral Mosque MAHMUDI AZAM			Оқдарё туман Бозоржой МФЙ
n7139516305	39.852842	66.819286	jom'e masjid	соборная мечеть				Оқдарё туман Пичоқчи мфй
n7139516306	39.939031	66.619681	jom'e masjid	соборная мечеть				Оқдарё туман Сўғончи МФЙ
n7139516307	39.842375	66.828661	jom'e masjid	соборная мечеть				Оқдарё туман Пичовчи мфй
n7139516308	39.842131	66.820100	jom'e masjid	соборная мечеть				Оқдарё туман Тўртайғир қишлоғи Болтақишлоқ маҳалла
n7139516309	39.842131	66.820100	jom'e masjid	соборная мечеть				Оқдарё тумани Мойқовоқ маҳалла
n7139516310	39.928286	66.426106	jom'e masjid	соборная мечеть				Иштихон тумани Бойли ота маҳалла
n7139516312	40.177642	66.513314	jom'e masjid	соборная мечеть				Иштихон тумани Зарбанд маҳалла
n7139516313	39.967003	66.485264	jom'e masjid	соборная мечеть				Иштихон шаҳри Ғофур Ғулом маҳалла
n7139516314	39.981547	66.420403	jom'e masjid	соборная мечеть				Иштихон тумани Қаландархўжа маҳалла
n7139516315	40.079581	66.683819	jom'e masjid	соборная мечеть				Иштихон тумани Орлот маҳалла
n7139516316	39.989311	66.436586	jom'e masjid	соборная мечеть				Иштихон тумани Оққўрғон маҳалла
n7139516317	40.013761	66.550028	jom'e masjid	соборная мечеть				Иштихон тумани Тўпор маҳалла
n7139516318	39.924622	66.496633	jom'e masjid	соборная мечеть				Иштихон тумани Суғот маҳалла
n7139516319	39.903547	66.548889	jom'e masjid	соборная мечеть				Иштихон тумани Шайхлар маҳалла
n7139516320	40.012436	66.483300	jom'e masjid	соборная мечеть				Шайхислом маҳалла
n7139516321	39.814928	66.943842	jom'e masjid	соборная мечеть				Пайариқ тумани Хўжа Исмоил маҳалла
n7139516322	39.919556	66.851706	jom'e masjid	соборная мечеть				Пайариқ тумани А.Яссавий маҳалла
n7139516323	40.207411	66.824522	jom'e masjid	соборная мечеть				Пайариқ тумани Ғаллакор маҳалла
n7139516324	39.950744	66.834111	jom'e masjid	соборная мечеть				Пайариқ тумани Кўпаки маҳалла
n7139516325	39.922914	66.792042	jom'e masjid	соборная мечеть				Пайариқ тумани Ўзбекистон маҳалла
n7139516326	40.033750	66.742778	jom'e masjid	соборная мечеть				Пайариқ тумани Оқтош маҳалла
n7139516327	39.927378	66.915703	jom'e masjid	соборная мечеть				Пайариқ тумани Алиобод маҳалла
n7139516328	39.983578	66.885417	jom'e masjid	соборная мечеть				Пайариқ тумани Муҳаммади маҳалла
n7139516329	39.951653	66.736453	jom'e masjid	соборная мечеть				Пайариқ тумани Маданият маҳалла
n7139516330	40.005331	66.841669	jom'e masjid	соборная мечеть				Пайариқ тумани Таҳиршайх маҳалла
n7139516331	40.022989	66.788828	jom'e masjid	соборная мечеть				Пайариқ тумани Бешқўрғон маҳалла
n7139516332	40.265056	66.877311	jom'e masjid	соборная мечеть				Пайариқ тумани Накурт маҳалла
n7139516333	40.218933	66.637964	jom'e masjid	соборная мечеть				Қўшработ тумани Пичот МФЙ
n7139516334	40.282503	66.446569	jom'e masjid	соборная мечеть				Қўшработ тумани Пангат МФЙ
n7139516335	40.094061	66.558106	jom'e masjid	соборная мечеть				Қўшработ тумани Қўрғон МФЙ
n7139516336	40.303553	66.527342	jom'e masjid	соборная мечеть				Қўшработ тумани Қўшработ МФЙ
n7139516337	40.218933	66.637964	jom'e masjid	соборная мечеть				Қўшработ тумани Шова МФЙ
n7139516338	40.247706	66.661411	jom'e masjid	соборная мечеть				Қўшработ тумани Қўролос МФЙ
n7139516340	40.388831	66.547681	jom'e masjid	соборная мечеть				Қўшработ тумани Қийқим МФЙ
n7139516341	40.282503	66.446569	jom'e masjid	соборная мечеть				Қўшработ тумани Қовунчи МФЙ
n7139516342	40.336150	66.777272	jom'e masjid	соборная мечеть				Қўшработ тумани Оқтепа МФЙ
n7139516343	40.332475	66.658336	jom'e masjid	соборная мечеть				Қўшработ тумани Озод МФЙ
n7139516344	40.351958	66.701100	jom'e masjid	соборная мечеть				Қўшработ тумани Сарой МФЙ
n7139516345	40.390617	66.769164	jom'e masjid	соборная мечеть				Қўшработ тумани Қувкалла МФЙ
n7139516346	40.345592	66.510100	jom'e masjid	соборная мечеть				Қўшработ тумани Озод МФЙ
n7139516347	39.935025	66.304739	jom'e masjid	соборная мечеть				Каттақўрғон тумани Каттакўрпа маҳалла
n7139516348	39.914175	66.311153	jom'e masjid	соборная мечеть				Каттақўрғон тумани Олмазор маҳалла
n7139516349	40.191008	66.383125	jom'e masjid	соборная мечеть				Каттақўрғон тумани Андоқсой маҳалла
n7139516350	40.040014	66.173611	jom'e masjid	соборная мечеть				Каттақўрғон тумани Болтабек маҳалла
n7139516351	39.988514	66.148278	jom'e masjid	соборная мечеть				Каттақўрғон тумани Валижон маҳалла
n7139516352	40.180878	66.243061	jom'e masjid	соборная мечеть				Каттақўрғон тумани Бургансой маҳалла
n7139516353	40.163614	66.275753	jom'e masjid	соборная мечеть				Каттақўрғон тумани Ёнбош маҳалла
n7139516354	39.992931	66.238647	jom'e masjid	соборная мечеть				Каттақўрғон тумани Кадан маҳалла
n7139516355	39.962858	66.111522	jom'e masjid	соборная мечеть				Каттақўрғон тумани Каттаминг маҳалла
n7139516356	39.929656	66.295178	jom'e masjid	соборная мечеть				Каттақўрғон тумани Кичик Кўрпа маҳалла
n7139516357	40.000389	66.202661	jom'e masjid	соборная мечеть				Каттақўрғон тумани Кичик Мундиён маҳалла
n7139516358	40.012250	66.071806	jom'e masjid	соборная мечеть				Каттақўрғон тумани Файзикент маҳалла
n7139516359	40.015336	66.229792	Payshanba jome masjidi	соборная мечеть	jome masjid			Каттақўрғон тумани Дўстлик маҳалла
n7139516360	40.136417	66.226669	jom'e masjid	соборная мечеть				Каттақўрғон тумани Қўшҳовуз маҳалла
n7139516361	40.087858	66.326200	jom'e masjid	соборная мечеть				Каттақўрғон тумани Қоқсой маҳалла
n7139516362	39.984614	66.123972	jom'e masjid	соборная мечеть				Каттақўрғон тумани Қумоқ маҳалла
n7139516363	39.958161	66.312244	jom'e masjid	соборная мечеть				Каттақўрғон тумани Дурбуш маҳалла
n7139516364	39.875347	66.265649	MERGAN OT jom`e masjidi	Соборная мечеть МЕРГАН АТА				Каттақўрғон тумани Омонбой маҳалла
n7139516365	40.092436	66.329222	jom'e masjid	соборная мечеть				Каттақўрғон тумани Мойбулоқ маҳалла
n7139516366	40.192344	66.352606	jom'e masjid	соборная мечеть				Каттақўрғон тумани Себистон маҳалла
n7139516367	39.855006	66.265972	jom'e masjid	соборная мечеть				Каттақўрғон тумани Сувҳовуз шаҳарча
n7139516368	39.986875	66.080361	jom'e masjid	соборная мечеть				Каттақўрғон тумани Мўминхужа маҳалла
n7139516369	39.904739	66.387961	jom'e masjid	соборная мечеть				Каттақўрғон тумани Янгиқўрғонча маҳалла
n7139516370	40.012686	66.193889	jom'e masjid	соборная мечеть				Каттақўрғон тумани Таварон маҳалла
n7139516371	40.027622	66.255992	jom'e masjid	соборная мечеть				Каттақўрғон тумани Тарнов маҳалла
n7139516372	40.012022	66.338944	jom'e masjid	соборная мечеть				Каттақўрғон тумани Нисбат маҳалла
n7139516373	39.935319	66.246886	jom'e masjid	соборная мечеть				Каттақўрғон тумани Қорадарё маҳалла
n7139516374	40.199214	66.297456	jom'e masjid	соборная мечеть				Каттақўрғон тумани Ёнбош маҳалла
n7139516375	40.012086	66.304683	jom'e masjid	соборная мечеть				Каттақўрғон тумани Чиғатой маҳалла
n7139516376	40.020347	66.287567	jom'e masjid	соборная мечеть				Каттақўрғон тумани Чўянчи маҳалла
n7139516377	40.003308	66.247011	jom'e masjid	соборная мечеть				Каттақўрғон тумани Ёдгорхўжа маҳалла
n7139516378	39.956944	65.827186	jom'e masjid	соборная мечеть				Нарпай тумани Олтиўғил маҳалла
n7139516380	39.967658	65.841858	DEDAN jom`e masjidi	Соборная мечеть ДЕДАН				Нарпай тумани Дедан маҳалла
n7139516381	39.930997	66.021533	jom'e masjid	соборная мечеть				Нарпай тумани Кўк ота маҳалла
n7139516382	39.954981	65.856253	jom'e masjid	соборная мечеть				Нарпай тумани Қозикент маҳалла
n7139516383	39.921447	66.102158	jom'e masjid	соборная мечеть				Нарпай тумани Тўхта Розиқов маҳалла
n7139516384	39.955000	66.054672	jom'e masjid	соборная мечеть				Нарпай тумани Чорбоғ МФЙ
n7139516385	39.920656	66.924561	jom'e masjid	соборная мечеть				Нарпай тумани Амир Темур МФЙ
n7139516386	39.982467	65.843019	jom'e masjid	соборная мечеть				Нарпай тумани Нўғай маҳалла
n7139516387	39.967515	65.934399	jom'e masjid	соборная мечеть				Нарпай тумани Сарбозор маҳалла
n7139516388	39.934256	66.090425	jom'e masjid	соборная мечеть				Нарпай тумани Ўзбеккент МФЙ
n7139516389	39.958739	65.923142	jom'e masjid	соборная мечеть				Нарпай тумани Саловат маҳалла
n7139516390	39.986908	65.991936	jom'e masjid	соборная мечеть				Нарпай тумани Мушкент маҳалла
n7139516391	39.959807	65.962868	Tepa jom`e masjidi	Соборная мечеть ТЕПА	Cathedral Mosque TEPA			Нарпай тумани Тоткент маҳалла
n7139516392	39.919439	66.157619	jom'e masjid	соборная мечеть				Нарпай тумани Хўжакарзон маҳалла
n7139516393	39.920672	66.044828	jom'e masjid	соборная мечеть				Нарпай тумани Хўжақўрғон маҳалла
n7139516394	39.961058	65.868161	jom'e masjid	соборная мечеть				Нарпай тумани Қозикент маҳалла
n7139516395	39.981008	65.875228	jom'e masjid	соборная мечеть				Нарпай тумани Ўзбекистон маҳалла
n7139516396	40.106826	65.499382	ABDUKARIM BOBO jom`e masjidi	Соборная мечеть АБДУКАРИМ БАБА	Cathedral Mosque ABDUKARIM BABA		АБДУКАРИМ БОБО жомъэ масжиди	Пахтачи тумани Тома маҳалла
n7139516397	40.027959	65.684630	BOLG'ALI jom`e	Соборная мечеть БОЛГАЛИ				Пахтачи тумани Жахонобод маҳалла
n7139516398	40.116303	65.529967	G'OYIB OTA jom`e masjidi	Соборная мечеть ГОЙИБ АТА	Cathedral Mosque GOYIB ATA		ҒОЙИБ ОТА жомъэ масжиди	Пахтачи тумани Сардоба маҳалла
n7139516399	40.081322	65.578133	jom'e masjid	соборная мечеть				Пахтачи тумани Амиробод маҳалла
n7139516400	39.993253	65.706169	jom'e masjid	соборная мечеть				Пахтачи тумани Тадбиркор маҳалла
n7139516401	39.953589	65.739789	jom'e masjid	соборная мечеть				Пахтачи тумани Қилтамғали маҳалла
n7139516402	39.954917	65.725178	jom'e masjid	соборная мечеть				Пахтачи тумани Зарафшон маҳалла
n7139516403	40.041752	65.649496	TOSHKO'PRIK jom`e masjidi	Соборная мечеть ТАШКУПРИК				Пахтачи тумани Тошкўприк маҳалла
n7139516405	40.101081	65.531242	jom'e masjid	соборная мечеть				Мирза Олим маҳалла
n7139516406	39.966086	65.711889	Keshtali jom'e masjid	соборная мечеть				Пахтачи тумани Кештали маҳалла
n7139516407	40.028631	65.660092	XO'JA ZIYOVUDDIN jom`e masjidi	Соборная мечеть ХУДЖА ЗИЁВУДДИН				Пахтачи тумани Садир зиё МФЙ
n7139516408	39.693075	66.826050	jom'e masjid	соборная мечеть				Пастдарғом тумани Чархин қўрғони Чархин МФЙ
n7139516409	39.826600	66.531022	jom'e masjid	соборная мечеть				Пастдарғом тумани Янгиравот МФЙ
n7139516410	39.733025	66.730131	jom'e masjid	соборная мечеть				Пастдарғом тумани Бешбола МФЙ
n7139516411	39.819819	66.734578	jom'e masjid	соборная мечеть				Пастдарғом тумани Бешнайман МФЙ
n7139516412	39.672347	66.751628	jom'e masjid	соборная мечеть				Пастдарғом тумани Тор-Арик ҚФЙ Боганали МФЙ
n7139516413	39.698700	66.807364	jom'e masjid	соборная мечеть				Пастдарғом тумани Чархин қўрғони Оқолтин МФЙ
n7139516414	39.806083	66.595719	jom'e masjid	соборная мечеть				Пастдарғом тумани Қорасув МФЙ
n7139516415	39.714447	66.765853	jom'e masjid	соборная мечеть				Пастдарғом тумани Жағалбойли МФЙ
n7139516416	39.786594	66.538389	jom'e masjid	соборная мечеть				Пастдарғом тумани Қўшқудуқ МФЙ
n7139516417	39.738939	66.799322	jom'e masjid	соборная мечеть				Пастдарғом тумани Имомжон Қадимий МФЙ
n7139516418	39.809497	66.588156	jom'e masjid	соборная мечеть				Пастдарғом тумани Уску МФЙ
n7139516419	39.682261	66.666014	jom'e masjid	соборная мечеть				Пастдарғом тумани Каттанайман МФЙ
n7139516420	39.676736	66.833103	jom'e masjid	соборная мечеть				Пастдарғом тумани Димишқиболо ҚФЙ Камолот МФЙ
n7139516421	39.677022	66.611594	jom'e masjid	соборная мечеть				Пастдарғом тумани Меҳнат МФЙ
n7139516423	39.710292	66.736883	jom'e masjid	соборная мечеть				Пастдарғом тумани Қорағуппа МФЙ
n7139516424	39.709192	66.652292	jom'e masjid	соборная мечеть				Пастдарғом тумани Пўлатчи МФЙ
n7139516425	39.784933	66.635342	jom'e masjid	соборная мечеть				Пастдарғом тумани Қаршиобод МФЙ
n7139516426	39.803325	66.647003	jom'e masjid	соборная мечеть				Пастдарғом тумани Ошиқ ота МФЙ
n7139516427	39.685319	66.768497	jom'e masjid	соборная мечеть				Пастдарғом тумани Қуйидарғом МФЙ
n7139516428	39.730094	66.605328	jom'e masjid	соборная мечеть				Пастдарғом тумани Пахтакор МФЙ
n7139516429	39.656633	66.708233	jom'e masjid	соборная мечеть				Пастдарғом тумани Чандир МФЙ
n7139516430	39.691189	66.681094	jom'e masjid	соборная мечеть				Пастдарғом тумани Эскижума МФЙ
n7139516431	39.659717	66.660900	jom'e masjid	соборная мечеть				Пастдарғом тумани Парчақара МФЙ
n7139516434	39.739944	65.997972	jom'e masjid	соборная мечеть				Каттақўрғон шаҳар Исломшоир МФЙ
n7139516435	39.907583	66.252972	jom'e masjid	соборная мечеть				Каттақўрғон шаҳар Зомин МФЙ
n7139516437	39.694431	65.790747	jom'e masjid	соборная мечеть				Нуробод тумани Аработа МФЙ
n7139516438	39.742972	66.403219	jom'e masjid	соборная мечеть				Нуробод тумани Нурбулоқ МФЙ
n7139516441	39.699048	66.285167	jom'e masjid	соборная мечеть				Нуробод тумани Нурдум МФЙ
n7139516442	39.510020	66.627940	jom'e masjid	соборная мечеть				Нуробод тумани Оқсой МФЙ
n7139516443	39.642583	66.447372	jom'e masjid	соборная мечеть				Нуробод тумани Бошқудуқ МФЙ,
n7139516444	39.501181	66.500631	jom'e masjid	соборная мечеть				Нуробод тумани Сарикул МФЙ
n7139516445	39.604175	65.534453	jom'e masjid	соборная мечеть				Нуробод тумани Сахоба МФЙ
n7139516446	39.573292	66.380403	jom'e masjid	соборная мечеть				Нуробод тумани Халқобод МФЙ
n7139516447	39.479906	66.166639	jom'e masjid	соборная мечеть				Нуробод тумани Ўртабуз МФЙ
n7139516449	39.755153	66.235289	jom'e masjid	соборная мечеть				Нуробод тумани Нурдум МФЙ
n7139516450	39.478689	66.179981	jom'e masjid	соборная мечеть				Нуробод тумани Ўртабуз МФЙ
n7139620436	40.157657	67.816183	jom'e masjid	соборная мечеть				Ш.Рашидов тумани, Қулама МФЙ, Тошкентлик маҳалласи 19
n7139620438	40.201406	67.903099	jom'e masjid	соборная мечеть				Ш.Рашидов тумани, Учтепа даҳаси, Учтепа маҳалласи, М.Улуғбек кўчаси
n7139620439	39.990141	68.008325	jom'e masjid	соборная мечеть				Жиззах тумани, Равот ҚФЙ Уч қиз маҳалла
n7139620442	40.059984	67.877655	jom'e masjid	соборная мечеть				Ш.Рашидов тумани, Янгиобод маҳалла
n7139620444	39.994424	67.920230	jom'e masjid	соборная мечеть				Ш.Рашидов тумани, Равот ҚФЙ Ардашхон маҳалласи
n7139620446	40.091185	67.837556	jom'e masjid	соборная мечеть				Ш.Рашидов тумани, Хайробод МФЙ Имом тепа маҳалласи
n7139620447	40.088981	67.846340	jom'e masjid	соборная мечеть				Ш.Рашидов тумани, Хайробод МФЙ Катта қишлоқ маҳалласи
n7139620449	39.998440	68.009941	jom'e masjid	соборная мечеть				Ш.Рашидов тумани, Равот МФЙ Қорасийроқ маҳалласи
n7139620450	40.186379	67.870668	Mulla Olim jome masjidi	соборная мечеть				Ш.Рашидов тумани, Қўшбармоқ МФЙ Қаҳрамон маҳалласи
n7139620455	40.254997	67.867717	jom'e masjid	соборная мечеть				Ш.Рашидов тумани, Самарқандқудуқ МФЙ
n7139620456	40.190276	67.744698	jom'e masjid	соборная мечеть				Ш.Рашидов тумани, Арватин маҳалласи
n7139620457	40.020027	67.992124	jom'e masjid	соборная мечеть				Жиззах тумани, Равот ҚФЙ Нонисангул маҳалласи
n7139620458	40.173783	67.716491	jom'e masjid	соборная мечеть				Жиззах тумани, Гандумтош ҚФЙ Янгиобод маҳалласи
n7139620459	40.133514	67.847956	Yakkaqayrag'och jom'e masjid	соборная мечеть				Жиззах тумани, Ҳ.Олимжон СФУ Раваллиқ маҳалласи
n7139620460	40.086154	67.877227	jom'e masjid	соборная мечеть				Жиззах тумани, Ҳамзабод ҚФЙ Олмачи маҳалласи
n7139620461	39.910244	67.887165	jom'e masjid	соборная мечеть				Жиззах тумани,Равот ҚФЙ Паймарт қишлоғи
n7139620462	40.103689	67.858863	jom'e masjid	соборная мечеть				Қалия махалласи, А.Сағдуллаев кўчаси
n7139620463	40.142667	67.834993	O'ratepalik jom'e masjidi	соборная мечеть				Ўратепалик маҳалласи, Аҳмад Соатов кўчаси
n7139620464	40.149530	67.827744	Nijonlik jome masjidi	соборная мечеть				Ўратепалик маҳалласи, И.Каримов кўчаси
n7139620466	40.146026	67.822867	Qassoblik jom'e masjidi	соборная мечеть				Қассоблик маҳалласи,
n7139620468	40.150492	67.812157	jom'e masjid	соборная мечеть				Жиззахлик маҳалласи, Хавастлик кўчаси
n7139620469	40.101499	67.774596	jom'e masjid	соборная мечеть				Жилли Ғулли маҳалласи, С.Қўчқоров кўчаси
n7139620471	40.145589	67.849860	Ravalliq jom'e masjid	соборная мечеть				Раваллиқ махалласи, Кўкрабод кўчаси
n7139620472	40.100886	67.871109	Nurliobod jom'e masjidi	соборная мечеть				Сўлоқли маҳалласи, Х.Шодиев кўчаси 52А
n7139620473	40.112173	67.822766	Hoji Nuriddin masjidi	соборная мечеть				Наврўз махалласи, Содавая кўчаси
n7139620474	40.384145	67.821042	jom'e masjid	соборная мечеть				Бўстон МФЙ, Нодирабегим кўчаси
n7139620475	40.398960	67.910294	jom'e masjid	соборная мечеть				Олмазор маҳалласи, Бунёдкор кўчаси
n7139620476	40.327592	67.873772	jom'e masjid	соборная мечеть				Ёрқин ШФЙ, М.Қаршиев кўчаси
n7139620477	40.318487	67.966436	jom'e masjid	соборная мечеть				Жиззах вилояти Пахтакор тумани Ғалаба МФЙ Жиззах-Дўстлик шох кўчаси
n7139620479	40.321917	68.080003	ISLOM NURI jom`e masjidi	Соборная мечеть ИСЛАМ НУРИ	Cathedral Mosque ISLAM NURI			Пахтакор тумани А.Икромов СФУ Буюк ипак йўли ҚФЙ Э.Холматов кўчаси
n7139620480	40.430430	67.964190	jom'e masjid	соборная мечеть				Пахтакор тумани, Самарқанд СФУ, Боғишомол ҚФЙ, Дўстлик кўчаси
n7139620481	40.398863	68.082473	jom'e masjid	соборная мечеть				Пахтакор тумани, А.Темур СФУ, Мингчинор ҚФЙ, Н.Қудратов кўчаси
n7139620483	40.702996	67.937010	Islomobod masjidi	соборная мечеть				Ўзбекистон ҚФЙ, Абай кўчаси 7
n7139620484	39.884076	68.797063	jom'e masjid	соборная мечеть				Янгиобод тумани Баландчакир МФЙ
n7139629170	40.493895	68.762773	Guliston jom`e masjidi	Соборная мечеть ГУЛИСТАН	Cathedral Mosque GULISTON			Маънавият МФЙ Ғолиблар кўчаси, 75
n7139629173	40.515176	68.756370	At-Temiziy jom`e masjidi	Соборная мечеть АТ-ТЕРМИЗИЙ	Cathedral Mosque AT-TERMIZIY			Баҳор ҚФЙ З.Қодиров кўчаси 69
n7139629174	40.270567	68.793707	MUHAMMAD BOBUR jom`e masjidi	Соборная мечеть МУХАММАД БАБУР	Cathedral Mosque MUKHAMMAD BOBUR			Янгиер ш. "Бобур" МФЙ Феруза кўчаси, 11
n7139629175	40.299578	68.821850	Abduqaxxor jom`e masjidi	Соборная мечеть АБДУКАХХОР	Cathedral Mosque ABDUKAHHOR			Янгиер ш. А. Жомий МФЙ Бунёдкор кўч.1
n7139629177	40.273587	69.017803	Xaxrati Xixr jom'e masjidi					Боёвут ШФЙ, Ижодкор МФЙ, Омонов кўчаси.
n7139629178	40.318344	69.009444	Nasrulloxon jom'e masjid					Олмазор ҚФЙ, Олмазор МФЙ
n7139629179	40.443055	68.785586	So'fi Olloyor jom'e masjidi					Деҳқонобод ҚФЙ, Бекат МФЙ, Дўстлик кўч.
n7139629180	40.472794	68.881112	Xazrati Bilol jom'e masjidi					Лайлаккўл ҚФЙ, Маърифат кўчаси 9
n7139629181	40.372802	69.042398	Qul xoja Axmad Yassaviy jom'e masjidi					Истиқбол ҚФЙ, Бобоюрт МФЙ
n7139629182	40.270177	69.008277	Tavba jom'e masjidi					Боёвут ШФЙ, Наврўз МФЙ, А.Мамажонов 9.
n7139629183	40.372454	69.003346	Abduaxadxon jom'e masjidi					Ғаллакор ҚФЙ, Ифтихор МФЙ, Навоий кўчаси
n7139629184	40.425557	69.063670	1-Boyovut jom'e masjidi					Истиқбол ҚФЙ, Истиқлол МФЙ
n7139631785	39.926161	68.797817	IYMON jom`e masjidi	Соборная мечеть ИЙМАН				Янгиобод туман Пучугой махалласи
n7139631786	39.981208	68.671626	jom'e masjid	соборная мечеть				Янгиобод туман Совот ШФЙ
n7139631787	39.904266	68.870890	jom'e masjid	соборная мечеть				Янгиобод Туман Сармич МФЙ
n7139631788	39.889776	68.874794	jom'e masjid	соборная мечеть				Янгиобод Туман Сармич МФЙ
n7139631789	40.519610	68.030584	jom'e masjid	соборная мечеть				Дўстлик тумани, Дўстлик шаҳарчаси, Ахунбобоев 1уй
n7139631790	40.577066	67.989992	jom'e masjid	соборная мечеть				Дўстлик тумани, Саритепа ҚФЙ, Дустлик куча 149
n7139631791	40.453212	68.071955	jom'e masjid	соборная мечеть				Дўстлик тумани,Наврўз шахарчаси, Гулзор кўчаси 5
n7139631792	40.441784	68.160010	Mulla Said jom'e masjidi	Cоборная мечеть Мулла-Саид	Mulla Said Cathedral Mosque			Дўстлик тумани, Истиқлол ҚФЙ,Н.Исломов кучаси
n7139631793	40.538122	68.106390	jom'e masjid	соборная мечеть				Дўстлик тумани, Қаҳромон ҚФЙ,Навбахор кучаси 11
n7139631794	40.515429	67.966575	jom'e masjid	соборная мечеть				Дўстлик тумани, Боғзор ҚФЙ, Х.Олимжон кўчаси 14
n7139631795	40.595320	68.053610	jom'e masjid	соборная мечеть				Дўстлик тумани, Янгиобод ҚФЙ, Ойбек куча 5
n7139631796	40.597734	68.059429	jom'e masjid	соборная мечеть				Дўстлик тумани, Бунёдкор ҚФЙ, Хамза кучаси 18
n7139631798	40.126453	68.495892	jom'e masjid	соборная мечеть				Зомин тумани, Даштобод шаҳарчаси, Отақулова кўчаси 6
n7139631799	40.033605	68.515799	jom'e masjid	соборная мечеть				Зомин тумани,Ём қишлоғи
n7139631800	39.963775	68.124158	jom'e masjid	соборная мечеть				Зомин тумани, Пешағар қишлоғи
n7139631801	40.055923	68.523835	jom'e masjid	соборная мечеть				Зомин тумани, Чапарашли қишлоғи
n7139631802	39.878801	68.065645	jom'e masjid	соборная мечеть				Зомин тумани, Пешағар қишлоғи
n7139631803	39.809439	68.188555	jom'e masjid	соборная мечеть				Зомин тумани, Корамозор қишлоғи
n7139631805	39.782507	68.297931	jom'e masjid	соборная мечеть				Зомин тумани, Бешкуби ҚФЙ, Бешкуби қишлоғи
n7139631806	39.971364	68.095154	jom'e masjid	соборная мечеть				Зомин тумани, Қўштол МФЙ, Қангли қишлоғи
n7139631808	39.954345	68.346033	jom'e masjid	соборная мечеть				Зомин тумани,Ширин МФЙ
n7139631809	39.962020	68.646347	jom'e masjid	соборная мечеть				Зомин тумани,Култепа қишлоғи
n7139631810	39.997311	68.537004	jom'e masjid	соборная мечеть				Зомин тумани, Ўрта қишлоқ қишлоғи
n7139631811	39.812891	68.261266	jom'e masjid	соборная мечеть				Зомин тумани, Бешкуби МФЙ, Увод қишлоғи
n7139631812	39.987821	68.468475	jom'e masjid	соборная мечеть				Зомин тумани, Қаропчи қишлоғи
n7139631813	40.072052	68.421485	jom'e masjid	соборная мечеть				Зомин тумани, Боймоқли қишлоғи
n7139631814	40.132923	68.505331	jom'e masjid	соборная мечеть				Даштобод ш., Бахт МФЙ, Тикланиш кўчаси
n7139631816	39.758092	68.338318	jom'e masjid	соборная мечеть				Зомин тумани, Толли қишлоғи
n7139631817	40.061852	68.193136	jom'e masjid	соборная мечеть				Зомин тумани, Гулшон КФЙ
n7139631818	39.943364	68.497852	jom'e masjid	соборная мечеть				Зомин тумани,Туркман қишлоғи
n7139631819	39.759423	68.410950	jom'e masjid	соборная мечеть				Зомин тумани, Дуоба қишлоғи
n7139631820	39.946485	68.567404	jom'e masjid	соборная мечеть				Зомин тумани, Жалойир кишлоғи
n7139631821	40.177732	68.516804	jom'e masjid	соборная мечеть				Зомин тумани, Янги хаёт МФЙ
n7139631822	40.072334	68.164906	jom'e masjid	соборная мечеть				Зомин тумани, Тешиктепа МФЙ
n7139631823	40.134606	68.489235	jom'e masjid	соборная мечеть				Зомин тумани, Даштобод шахарчаси, Хамза МФЙ
n7139631824	39.736158	67.645947	jom'e masjid	соборная мечеть				Ўсмат ШФЙ, Юмалоқбош қишлоғи, А.Худайбахтов кўчаси 16
n7139631825	39.730793	67.644479	jom'e masjid	соборная мечеть				Ўсмат ШФЙ, Калтатой қишлоғи
n7139631826	39.750389	67.635510	jom'e masjid	соборная мечеть				Ўсмат ШФЙ, Оломон қишлоғи
n7139631827	39.748564	67.629416	jom'e masjid	соборная мечеть				Оқтош ҚФЙ, Ўрой қишлоғи
n7139631828	39.717011	67.659962	jom'e masjid	соборная мечеть				Қутлуғобод МФЙ, Йўлдошбой қишлоғи
n7139631829	39.740909	67.711815	jom'e masjid	соборная мечеть				Новқа МФЙ, Новқа қишлоғи
n7139631830	39.740263	67.654835	jom'e masjid	соборная мечеть				Дўстлик МФЙ, Жарбулоқ Уяс қишлоғи
n7139631831	39.771494	67.719609	jom'e masjid	соборная мечеть				Новқа ШФЙ Новқа қишлоғи
n7139631832	39.732578	67.787810	Jom'e masjidi	соборная мечеть	jom'e masjidi	jom'e masjidi	жомъе масжиди	Мўғол ҚФЙ, Мўғол қишлоғи
n7139631833	39.688770	67.908583	jom'e masjid	соборная мечеть				Ойқор ҚФЙ, Тангатопти қишлоғи
n7139631834	39.696034	67.912412	jom'e masjid	соборная мечеть				Ойқор ҚФЙ, Тангатопти қишлоғи
n7139631835	39.729279	67.944805	jom'e masjid	соборная мечеть				Бахмал ҚФЙ, Темирқадам қишлоғи
n7139631836	39.723208	68.002818	jom'e masjid	соборная мечеть				Бахмал ҚФЙ, Қирқ қишлоғи
n7139631837	39.716014	68.008152	jom'e masjid	соборная мечеть				Бахмал ҚФЙ,Беккелди қишлоғи
n7139631838	39.711770	68.013091	jom'e masjid	соборная мечеть				Бахмал ҚФЙ, Илончи қишлоғи
n7139631839	39.710034	68.133360	jom'e masjid	соборная мечеть				Музбулоқ МФЙ, Музбулоқ қишлоғи
n7139631840	39.718229	68.082767	jom'e masjid	соборная мечеть				Музбулоқ МФЙ, Сўпи қишлоғи
n7139631841	39.728946	68.006845	jom'e masjid	соборная мечеть				Бахмал ҚФЙ, Абай қишлоғи
n7139631842	39.810886	67.787522	jom'e masjid	соборная мечеть				Сангзор ҚФЙ, Дувлот қишлоғи
n7139631843	39.812909	67.757570	jom'e masjid	соборная мечеть				Сангзор ҚФЙ, Қора қишлоғи
n7139631846	39.787190	67.485146	jom'e masjid	соборная мечеть				Барлос ҚФЙ, Барлос қишлоғи
n7139631847	39.799144	67.492434	jom'e masjid	соборная мечеть				Барлос ҚФЙ Музбел қишлоғи
n7139631850	39.745582	67.777560	"Bog‘imozor" jom'e masjidi	"Боғимозор" соборная мечеть		"Bog‘imozor" jom'e masjidi		Мўғол ҚФЙ, Мўғол қишлоғи
n7139631851	39.728741	67.400851	jom'e masjid	соборная мечеть				Тонготар ҚФЙ Қўштепа қишлоғи
n7139631852	39.698655	67.342675	jom'e masjid	соборная мечеть				Гулбулоқ ҚФЙ, Қаропчи қишлоғи
n7139631853	39.685401	67.337783	jom'e masjid	соборная мечеть				Дўсмат МФЙ, Тенгали қишлоғи
n7139631854	39.666129	67.523187	jom'e masjid	соборная мечеть				Узунбулоқ ҚФЙ, Узунбулоқ қишлоғи
n7139631855	39.671392	67.563562	jom'e masjid	соборная мечеть				Узунбулоқ ҚФЙ, Ўрта қишлоғи
n7139631856	39.694541	67.559820	jom'e masjid	соборная мечеть				Мустақиллик МФЙ Қатортол қишлоғи
n7139631857	39.701644	67.566935	jom'e masjid	соборная мечеть				Қатортол МФЙ Қатортол қишлоғи
n7139631859	39.747002	67.892855	jom'e masjid	соборная мечеть				Нўшкент МФЙ Муллабулоқ қишлоғи
n7139631860	40.002894	67.589066	NURIL ISLOM jom`e masjidi	Соборная мечеть НУРИЛ ИСЛОМ	Cathedral Mosque of NURIL ISLAM			Ғаллаорол туман Сарбозо ҚФЙ Сарбозор махаласи
n7139631861	39.937518	67.456202	jom'e masjid	соборная мечеть				Ғаллаорол туман Лалмикор МФЙ Лалмикор махалласи
n7139631862	39.926355	67.481021	jom'e masjid	соборная мечеть				Ғаллаорол туман Гулчанбар қишлоғи
n7139631863	39.939356	67.336877	jom'e masjid	соборная мечеть				Ғаллаорол туман Ғўбдин ҚФЙ Ғўбдин қишлоғи
n7139631864	39.942482	67.283118	jom'e masjid	соборная мечеть				Ғаллаорол туман Қипчоқсув ҚФЙ Хитоюз қишлоғи
n7139631865	39.965251	67.248163	jom'e masjid	соборная мечеть				Ғаллаорол туман Қипчоқсув ҚФЙ Солин қишлоғи
n7139631866	40.050814	67.283878	jom'e masjid	соборная мечеть				Ғаллаорол туман Оқтош ҚФЙ Оқтош қишлоғи
n7139631867	40.080088	67.196901	jom'e masjid	соборная мечеть				Ғаллаорол туман Кориз Қудуқ ҚФЙ Кориз қудуқ қишлоғи
n7139631868	40.035857	67.141527	jom'e masjid	соборная мечеть				Ғаллаорол туман Жийдали ҚФЙ Муқри қишлоғи
n7139631869	40.073974	67.184928	jom'e masjid	соборная мечеть				Ғаллаорол туман Кориз Қудуқ ҚФЙ Қўриқ қишлоғи
n7139631870	40.035702	67.100638	jom'e masjid	соборная мечеть				Ғаллаорол туман Жийдали ҚФЙ Жума қишлоғи
n7139631871	40.142754	67.087410	jom'e masjid	соборная мечеть				Ғаллаорол туман Гучамбар ҚФЙ Жарбулоқ қишлоғи
n7139631872	40.135427	67.491571	jom'e masjid	соборная мечеть				Ғаллаорол тумани Кўкбулоқ ҚФЙ Сайфин қишлоғи
n7139631873	40.214059	67.337478	Qo’ytosh jom'e masjidi	соборная мечеть				Ғаллаорол тумани Қўйтош ШФЙ Қўйтош шахарчаси
n7139631874	40.184272	67.309205	jom'e masjid	соборная мечеть				Ғаллаорол тумани Савруксой ҚФЙ Саврук қишлоғи
n7139631877	39.976204	67.594496	jom'e masjid	соборная мечеть				Ғаллаорол тумани, Қашқабулоқ ҚФЙ Обуз қишлоғи
n7139631878	39.967671	67.587167	jom'e masjid	соборная мечеть				Ғаллаорол тумани, Қашқабулоқ ҚФЙ Қашқабулоқ қишлоғи
n7139631879	40.091271	68.157527	jom'e masjid	соборная мечеть				Зарбдор тумани Ойбек кфй Янги м.си
n7139631880	40.078942	68.151615	jom'e masjid	соборная мечеть				Зарбдор тумани Равот маҳалласи
n7139631881	40.107226	68.170737	jom'e masjid	соборная мечеть				Зарбдор тумани Оқ булоқ ҚФЙ
n7139631882	40.170080	68.160002	jom'e masjid	соборная мечеть				Зарбдор тумани Ш.Юлдузи маҳалласи
n7139631883	40.102134	68.041527	jom'e masjid	соборная мечеть				Зарбдор тумани Бўстон шаҳарчаси
n7139631884	40.244868	68.225659	jom'e masjid	соборная мечеть				Зарбдор тумани Нурафшон маҳалласи
n7139631885	40.230643	68.084737	jom'e masjid	соборная мечеть				Зарбдор тумани Истиқбол маҳалласи
n7139631886	40.181926	68.264173	jom'e masjid	соборная мечеть				Зарбдор тумани Мустақил лик қуёши маҳалласи
n7139631887	40.154481	68.045802	jom'e masjid	соборная мечеть				Зарбдор тумани Адиробод маҳалласи
n7139631888	40.101365	68.269731	jom'e masjid	соборная мечеть				Зарбдор тумани Тараққиёт қишлоғи
n7139631889	40.089262	68.295815	jom'e masjid	соборная мечеть				Зарбдор тумани П.Умрзоқов ҚФЙ
n7139631890	40.183692	68.241203	jom'e masjid	соборная мечеть				Зарбдор тумани Андижон ҚФЙ
n7139631891	40.129908	68.352807	jom'e masjid	соборная мечеть				Зомин тумани, Тошкесган МФЙ
n7139631892	40.179514	68.417419	jom'e masjid	соборная мечеть				Зомин тумани,Оқар МФЙ
n7139631893	40.495774	67.877221	RAHMON jom`e masjidi	Соборная мечеть РАХМОН				Арнасой тумани Олтин водий ҚФЙ Н.Холмуродов Кўчаси
n7139631894	40.544382	67.778110	NURMUHAMMAD jom`e masjidi	Соборная мечеть НУРМУХАММАД				Арнасой тумани Зарафшон ҚФЙ Мустақиллик Кўчаси
n7139631895	40.562742	67.886106	BURHONIDDIN MARG'ULONIY jom`e masjidi	Соборная мечеть БУРХОНИДДИН МАРГУЛОНИ				Арнасой тумани Бўстон ҚФЙ Ғалаба Кўчаси
n7139631896	40.471011	67.781620	AR-RAUF jom`e masjidi	Соборная мечеть АР-РАУФ				Арнасой тумани Янгибўстон ҚФЙ Маданият Кўчаси
n7139631897	40.611010	67.791483	ABDUMUTALLIB jom`e masjidi	Соборная мечеть АБДУМУТАЛЛИБ				Арнасой тумани ҚФЙ
n7139631899	40.411065	67.198999	jom'e masjid	соборная мечеть				Фориш тумани Янгиқишлоқ маҳалласи
n7139631901	40.362164	66.909859	jom'e masjid	соборная мечеть				Фориш туманиГараша қишлоғи
n7139631902	40.373234	67.278588	Osmonsoy jom'e masjid	соборная мечеть				Фориш тумани Осмонсой қишлоғи
n7139631903	40.300327	67.030686	jom'e masjid	соборная мечеть				Фориш тумани Қаробдол қишлоғи
n7139631904	40.579195	67.145065	jom'e masjid	соборная мечеть				Фориш тумани Қиғизсум ҚФЙ
n7139631905	40.245423	67.195969	jom'e masjid	соборная мечеть				Фориш тумани, Нарвон МФЙ
n7139631906	40.520483	66.791705	jom'e masjid	соборная мечеть				Фориш тумани, Ухум қишлоғи
n7139646785	40.406291	68.880723	Usmon Zinnurayn jom'e masjidi					Табаррук ҚФЙ, Ҳосилобод МФЙ, Т.Малик кўч. 2
n7139646786	40.360419	68.961060	Imom Al Buxoriy jom'e masjidi					Дўстлик ҚФЙ, А.Темур МФЙ
n7139646787	40.476437	68.795263	jom'e masjid	соборная мечеть				Деҳқонобод ҚФЙ, Қарапчи МФЙ
n7139646789	40.291135	68.828594	Ismoil Buxoriy jom'e masjidi					Буюк юрт ҚФЙ, Навбаҳор МФЙ
n7139646790	40.240718	69.130803	Zayd binni Xorisa jom'e masjidi					Ширин МФЙ, Навоий кўчаси
n7139646791	40.270547	69.104093	Ali ibn Abu Tolib jom'e masjidi					Мингчинор ҚФЙ, Сармич МФЙ
n7139646793	40.506299	69.058400	Usmon ota jom'e masjidi					Соҳилобод ҚФЙ, Ватанпарвар кўчаси
n7139646794	40.540913	68.911238	Xojiobod jom'e masjidi					Чортоқ ҚФЙ, Исломобод МФЙ
n7139646795	40.444637	69.079504	Hazrati Umar jom'e masjidi					Олтинтепа ҚФЙ, Боёвут МФЙ
n7139646796	40.562693	68.914251	jom'e masjid	соборная мечеть				Чортоқ ҚФЙ, Халқобод ҚФЙ
n7139646797	40.487393	68.870417	Akbarali ota jom'e masjidi					Соибобод ҚФЙ, А.Қаҳҳор кўчаси
n7139646798	40.592548	68.741560	Shodmonxo'ja jom'e masjidi					Олтин ўрда ҚФЙ, Тажрибакор МФЙ
n7139646799	40.472306	69.051951	Ko'nchi jom'e masjidi					Нуробод ҚФЙ, Олтин водий МФЙ
n7139646802	40.476605	68.761784	Zomin jom'e masjidi					Тошкент ҚФЙ, Тошкент МФЙ, Ш.Рашидов кўчаси
n7139646804	40.491694	68.596295	Mulla Botir jom'e masjidi					Мирзачўл ҚФЙ, Дўнгариқ МФЙ
n7139646807	40.568082	68.680920	Oydin jom'e masjidi					Оқ олтин ҚФЙ, Ойдин МФЙ, Наврўз кўчаси 1
n7139646808	40.499823	68.586447	Zangi ota jom'e masjidi					Мирзачўл ҚФЙ, Дўнгариқ МФЙ
n7139646810	40.585110	68.328654	Ahmad Yassaviy jom`e masjidi	Соборная мечеть АХМАД ЯССАВИЙ	Cathedral Mosque AKHMAD YASSAVIY			Фарғона ШФЙ, Янги ҳаёт МФЙ, Чинобод кўчаси.
n7139646811	40.610434	68.243230	Abu Mansur Moturidiy jome masjidi	Соборная мечеть Абу Мансура Матуриди	Mosque Abu Mansur Moturidiy			Андижон ШФЙ, Бобур МФЙ
n7139646812	40.541322	68.422357	Hazrati Ali jom`e masjidi	Соборная мечеть ХАЗРАТИ АЛИ	Cathedral Mosque KHAZRATI ALI			Сардоба ШФЙ, Кўркам диёр МФЙ
n7139646813	40.526412	68.204696	Shayxuddinxo'ja jom`e masjidi	Соборная мечеть ШАЙХУДДИНХУДЖА	Cathedral Mosque SHAIKHUDDINKHUDJA			Бўстон ҚФЙ, Х.Олимжон кўчаси.
n7139646814	40.709486	68.837882	ITTIFOQ jom`e masjidi	Соборная мечеть ИТТИФОК	Cathedral Mosque ITTIFOKH			Сайҳун ШФЙ, Шодлик МФЙ, Наврўз кўч. 4
n7139646815	40.620625	68.904717	NUSHIRAVON jom`e masjidi	Соборная мечеть НУШИРАВОН	Cathedral Mosque NUSHIRAVON			Соҳил ШФЙ, Гулистон МФЙ, Марказий шоҳ кўчаси
n7139646816	40.658232	68.735814	ISLOMOBOD jom`e masjidi	Соборная мечеть ИСЛАМАБАД	Cathedral Mosque ISLOMOBOD			Ўзбекистон ҚФЙ, Паймард МФЙ
n7139646817	40.733283	68.816754	MULLA NEGMUROD jom`e masjidi	Соборная мечеть МУЛЛА НЕГМУРАД	Cathedral Mosque MULLA NEGMARUOD			Иттифоқ ҚФЙ, Дўстлик МФЙ
n7139646818	40.704330	68.852047	UZUNBULOQ jom`e masjidi	Соборная мечеть УЗУНБУЛАК	Cathedral Mosque UZUNBULOK			Иттифоқ ҚФЙ, Гулбулоқ МФЙ, Навбаҳор кўчаси
n7139646819	40.701189	68.799345	Abdulim ota jom`e masjidi	Соборная мечеть АБДУАЛИМ ОТА	Abdulim ota Mosque			Истиқлол ҚФЙ, Нуробод МФЙ, А.Навоий кўч. 2/8.
n7139646820	40.621425	68.824326	PAXTAKOR jom`e masjidi	Соборная мечеть ПАХТАКОР	Cathedral Mosque PAKHTAKOR			Шўрўзак ШФЙ, Бахмалсой МФЙ
n7139646821	40.345678	68.179874	Paxtaobod jom`e masjidi	Соборная мечеть ПАХТААБАД				Пахтаобод ШФЙ, Наврўз МФЙ, Дўстлик кўчаси
n7139646822	40.391066	68.209199	Baxmallik jom'e masjidi	Соборная мечеть Бахмаллик	Bakhmallik Cathedral Mosque			Янгиқишлоқ ҚФЙ, Мустақиллик кўч. 1
n7139646824	40.300220	68.418980	Imomi A`zam jom'e masjidi	Cоборная мечеть Имами Аъзам	Cathedral mosque of Imomi Azam			Гулистон ҚФЙ, Бўстон МФЙ
n7139646825	40.376419	68.397929	Yusuf jom'e masjidi	Соборная мечеть Юсуф	Cathedral mosque Yusuf			Қўрғонтепа ҚФЙ, Ат-Термизий кўч.
n7139646826	40.272066	68.264659	Xo'ja Ismoil jom'e masjidi					Янгиобод ҚФЙ, Бирлашган МФЙ, Қизилой кўчаси
n7139646827	40.393510	68.384609	Alisher Navoiy jom'e masjidi	Соборная мечеть Алишер Навои	Cathedral Mosque Alisher Navoi			Чўлқувар ҚФЙ, Юртдош МФЙ, Навоий кўч.
n7139646830	40.705819	68.698066	BAXT jom`e masjidi	Соборная мечеть БАХТ	Cathedral Mosque BAKHT			Бахт шаҳри, Хазина МФЙ, А.Яссавий кўч. 1
n7139646832	40.848846	68.648128	AHMAD YASSAVIY jom`e masjidi	Соборная мечеть АХМАД ЯССАВИЙ	Cathedral Mosque AKHMAD YASSAVIY			Ҳақиқат ҚФЙ, Фурқат МФЙ, Р.Соатов кўч. 26
n7139646836	40.201007	68.834199	Umar ibn Xattob jom'e masjidi					Карвонсарой МФЙ, Янги турмуш кўч. 4
n7139646838	40.235258	69.001308	G'oyib ota jom'e masjidi					Соҳибкор ҚФЙ, Нурматов кўч. 2
n7139646839	40.198646	68.809849	jom'e masjid	Ховособод Масжиди				Ҳавотоғ ҚФЙ, Ҳовос қишлоғи кўчаси 14
n7139646840	40.299532	68.594531	Xizrobod jom'e masjidi					Қаҳрамон ҚФЙ, Ёшлик кўчаси 2
n7139646841	40.265195	68.966781	Xaxrat jom'e masjidi					Фарход ҚФЙ, Навоий МФЙ
n7139646842	40.294786	68.783909	Abu Hurayra jom'e masjid					Зафаробод ҚФЙ, А.Қодирий 13/а
n7164578518	37.144228	69.495109						
n7164578554	37.070401	69.493393						
n7164786199	37.019140	69.560057						
n7174598286	40.290195	71.505815	To'raxon hoji jome' masjidi					
n7188263015	40.659203	72.423596	Suvlugʻota jome' masjidi	Сувлуғ ота				Сувлуғ ота кўчаси, 26
n7188263016	40.577810	72.465185	Qaqir jome' masjidi	Какир				Нурли замин кўчаси, 98
n7188263017	40.632288	72.381085	Kulla jome' masjidi	Кулла				Гулзор кўчаси
n7188263018	40.601142	72.517576	Nayman jome' masjidi	Найман				Катта-тол кўчаси
n7188263019	40.642107	72.366668	Mexri Kulol Aziz jome' masjidi	Меҳри Кулол Азиз				Саёхат кўчаси
n7188263038	40.620837	72.449414	Uchtepa jome' masjidi					Шамшод кўчаси, 16
n7188263039	40.584248	72.474782	Shirmonbuloq jome' masjidi	Ширманбулак				Оқсув кўчаси
n7188263042	40.876863	72.103910	Imomi Aʼzam jome' masjidi	Имоми Аъзам				Хуррият кўчаси
n7188263043	40.890864	71.875495	Mirzaboshichek jome' masjidi	Мирзабошичек				Навоий кўчаси, 61
n7188263044	40.904261	71.838061	Мирза Қосим хожи					Майдон кўчаси
n7188263045	40.852914	72.135140	Пучугой	Пучугой				
n7188263046	40.792636	71.895280	Qoqirchek jome' masjidi	Мечеть Кокирчек		Қоқирчек		Қақирчек улица, 36-а
n7188263047	40.899867	71.845038	Oqqoʻrgʻon jome' masjidi	Оққўрғон				
n7188263048	40.880617	71.952457	Ibroxim ota jome' masjidi	Иброҳим ота				Қияли улица
n7188263049	40.851494	71.926004	Polvonko'l jome' masjidi	Полвонкул				Полвонкўл улица, 2
n7188263050	40.828441	72.114744	Joxongirxon jome' masjidi	Жахонгирхон				Соғлом авлод улица, 84
n7188263051	40.906311	71.827383	Mirza Qosim xoji jome' masjidi					
n7188263052	40.904568	71.895616	Qilichburxon jome' masjidi	Киличбурхан Бува		Қиличбурхон Бува		
n7188263053	40.832562	71.851801	Boyazid Bastomiy jome' masjidi	Боязид Бастомий				
n7202871505	40.756500	72.615477	Ittifoq jome' masjidi	Иттифоқ				Мехригиё улица, 11
n7202871506	40.730296	72.610221	Kutaiba ibn muslim jome' masjidi	Кутайба ибн Муслим				Қиличмозор улица
n7202871507	40.857187	72.579319	Mulla Raxmatullo jome' masjidi	Мулла Рахматулло				Қўқон улица
n7202871517	40.679913	72.597854	Abdusalom xoji jome' masjidi	Абдусалом хожи				Тошлоқ улица
n7202871518	40.645874	72.647754	Qoʻshtepa jome' masjidi	Кўштепа				Guliston ko'chasi
n7202871520	40.717293	72.642431	Soʻfi qishloq jome' masjidi	Сўфи қишлоқ				Неъмат улица, 5
n7202871521	40.644084	71.911209	Doʻrmoncha jome' masjidi	Дурманча				Дўрмонча улица, 90
n7202871522	40.693989	71.946614	Abdulazizxon jome' masjidi	Абдулазизхон				Ёшлик улица, 193
n7202871523	40.676975	71.994108	Abdunazar ota jome' masjidi	Абдуназар ота				Фидоий улица, 1
n7202871524	40.711993	71.933935	Akbarali-ota jome' masjidi	Акбаралиқори ота				Холис улица, 97
n7202871525	40.635974	71.970985	Yunusobod jome' masjidi	Юнусабад				Қорасув улица
n7202871526	40.689426	71.928196	Burxoniddin Margʻiloniy jome' masjidi	Бурхониддин Марғилоний				Мустақиллик улица
n7208328085	40.730880	72.893210	Uch tegirmon jome' masjidi	Уч тегирмон				Янгиланиш улица, 2
n7208328087	40.700466	72.740665	R.Boboxonov jome' masjidi	Р.Бобохонов				Зиё улица, 1
n7208328089	40.813983	72.826776	Dardoq jome' masjidi	Дардоқ				Navoiy ko'chasi, 56
n7208328090	40.752718	72.804735	Qoʻshtepa jome' masjidi	Куштепа		Қўштепа		Tanga Topdi ko'chasi
n7208328091	40.722306	72.770008	Navroʻz jome' masjidi	Наврўз				Haqiqat ko'chasi, 1
n7208328092	40.723108	72.807324	Maʼmurobod jome' masjidi	Маъмуробод				Намуна улица, 10
n7208328093	40.743265	72.760432	Mirzoqul boʻlish jome' masjidi	Мирзақул бўлиш				Минг чинор улица, 1
n7208328094	40.695197	72.837450	Хожи Мухаммад					Кўксарой улица
n7208328095	40.771189	72.883411	Imom muslim jome' masjidi	Имом Муслим				Chimyon ko'chasi
n7208328096	40.759242	72.841639	Toʻrachek jome' masjidi	Тўрачек				Қорасув улица
n7208328098	40.864912	72.239496	Katta jome' masjidi	Катта				Эзгулик улица
n7208328099	40.970925	72.220953	Imom Husayn jome' masjidi	Имом Хусайн				Хурводий улица
n7208328100	40.946681	72.391300	Noʻmonxoji jome' masjidi	Нуъмонжон хожи				Пахтаобод улица, 5
n7208328101	40.866737	72.242710	Bobur jome' masjidi	Бобур				Камолот улица, 14
n7208328102	40.922786	72.329215	Qorovul ota jome' masjidi	Коровул ота				Узун улица, 69
n7208328103	40.916793	72.358086	Umar Ibn Xattob jome' masjidi	Умар Ибн Хаттоб				Тўпчинор улица
n7208328104	40.887407	72.276438	Имоми Аъзам					Оқ-олтин улица, 1
n7208328105	40.900381	72.250736	Axmadali xoji jome' masjidi	Ахмадали Хожи				Янги бозор улица
n7208328106	40.602536	72.729942	Yorqishloq jome' masjidi	Ёрқишлоқ				Назокатли улица
n7208328119	40.709647	72.556988	Kapa jome' masjidi	Капа				Unq'org'on ko'chasi
n7208328120	40.611867	72.700418	Beshtol jome' masjidi	Бештал				Умарпошшо кўчаси улица, 46
n7208328121	40.600029	72.739752	Roxiddin xoji jome' masjidi	Рохиддин хожи				Ўзбекистоннинг 5 йиллиги улица
n7208328122	40.823795	72.737688	Tosh masjid jome' masjidi	Тош масжид				Тошмасжид улица, 19
n7266197035	40.553999	72.367654	Bozor boshi jome' masjidi	Бозор боши				Юкори маҳалла кўчаси
n7266197036	40.553103	72.237416	Полвонтош					
n7266197037	40.482480	72.255493	Сулаймон сирли					Шукурмерган кўчаси
n7266197038	40.486261	72.321692	Marxamat jome' masjidi					
n7266197039	40.544735	72.345663	Obidjon Botirov jome' masjidi					
n7266197040	40.614566	72.373858	Olaychi jome' masjidi	Олайчи				
n7266197041	40.561856	72.334019	Sunna jome' masjidi	Сунна				
n7266217373	40.604555	72.347263	Oʻqchi jome' masjidi	Укчи				116, Toshloq ko'chasi
n7266217374	40.537880	72.345996	Xakimxoʻja Eshonbuva jome' masjidi	Хаким худжа Эшон бува				106, Гар-гар кўчаси
n7284289285	37.999712	65.003110	Çylan Metjidi		Çylan Mosque			Çohpetde şäherçesi
n7293704269	40.838091	72.050257	Aʼlam jome' masjidi	Аълам				Андижон кўчаси, 29
n7293704270	40.758767	72.132063	Koʻtarmachek jome' masjidi	Кўтармачек				Ўзбекистон кўчаси, 21
n7293704271	40.823782	72.025083	Muxammad Raximxoji jome' masjidi	Мухаммадхожи Рахим				Умурзоқов кўчаси, 2
n7293704273	40.751104	72.249921	Xazrati Umar jome' masjidi	Хазрати Умар				Оқ дарё кўчаси
n7293704283	40.786593	72.254398	Uyshin jome' masjidi	Уйшин				Уйшин кўчаси, 35
n7293704284	40.770488	72.221071	Xondibogʻi jome' masjidi	Хондибоғи				Ҳақиқат кўчаси, 112
n7293744986	40.801682	72.268027	Oq masjid jome' masjidi	Оқ масжид				Сувюлдуз кўчаси
n7293744991	40.815386	72.236721	Maslahat jome' masjidi	Маслаҳат				Нурафшон кўчаси
n7471650780	39.504354	63.846202	Bozorxo'ja jom`e masjidi	Соборная мечеть Базархужа	Cathedral mosque of Bazarkhuz			
n7473393545	39.971554	64.556595	So'fidehqon Xonaqo jom`e masjidi	Соборная мечеть Суфидехкан Хонако	Cathedral Mosque Sufi Dehkan Hanako			
n7473393595	39.995044	64.466303	Qo'qin jom`e masjidi	Соборная мечеть Кукин	Cathedral mosque Kukin			
n7473393678	40.022281	64.663313	Sariosiyo jom`e masjidi	Соборная мечеть Сариасия	Cathedral mosque Sariasia			
n7473393859	40.016703	64.625380	Kumushkent jom`e masjidi	Соборная мечеть Кумушкент	Cathedral mosque Kumushkent			
n7473394160	40.029196	64.568192	Xo'ja Abduraxmon Avf jom`e masjidi	Соборная мечеть Хужа Абдурахман Авф	Cathedral mosque Khuzha Abdurahman Avf			
n7473394165	40.027318	64.516515	Qassoblik jom`e masjidi	Соборная мечеть Кассоблик	Cathedral mosque Kassoblik			
n7474803457	39.637131	64.016053	Tursunbobo jom`e masjidi	Соборная мечеть Турсунбаба	Cathedral Mosque of Tursunbaba			
n7474803586	39.709342	64.165970	Xo'ja Rahmoniy jom`e masjidi	Соборная мечеть Ходжа Рахмоний	Cathedral mosque "Khoja Rakhmoniy"			
n7474803595	39.713708	64.192386	Abdujalil Turkistoniy jom`e masjidi	Соборная мечеть Абдуджалил Туркистани	Cathedral mosque Abdujalil Turkistani			
n7474803634	39.728661	64.135975	Darveshi jom`e masjidi	Соборная мечеть Дарвеши	Cathedral Mosque Darvesi			
n7474803641	39.737707	64.229340	Abdulloh ibn Abbos jom`e masjidi	Соборная мечеть Абдуллах ибн Аббас	Cathedral mosque Abdullah ibn Abbas			
n7474821505	39.739634	64.182697	Usto Farhod jom`e masjidi	Соборная мечеть Уста Фархад	Cathedral mosque Usta Farhad			
n7474821524	39.735346	64.268922	Samonchuq jom`e masjidi	Соборная мечеть Саманчук	Cathedral mosque Samanchuk			
n7474821539	39.721904	64.182356	Raboto'g'lon jom`e masjidi	Соборная мечеть Работуглон	Cathedral Mosque Rabotuglon			
n7474894433	40.050608	64.683061	Frishkent jom`e masjidi	Соборная мечеть Фришкент	Cathedral mosque Frishkent			
n7477080334	40.135965	64.384586	Iskogare jom`e masjidi	Соборная мечеть Искагаре	Cathedral Mosque Iskagara			
n7477080388	40.116695	64.589038	Xo'ja Badarg'a jom`e masjidi	Соборная мечеть Ходжа Бадарга	Cathedral mosque of Khoja Badarg			
n7477080454	40.159225	64.542749	Sayyid Ato jom`e masjidi	Соборная мечеть Саййид Ато	Sayyid Ato Cathedral Mosque			
n7477080493	40.097817	64.479896	Shayxi Darvesh jom`e masjidi	Соборная мечеть Шайхи Дарвеш	Sheikh Darves Cathedral Mosque			
n7477080786	40.106806	64.529724	Mirzaqul jom`e masjidi	Соборная мечеть Мирзакул	Cathedral Mosque Mirzakul			
n7477080860	40.124446	64.423400	Xo'ja Sharofiddin jom`e masjidi	Соборная мечеть Ходжа Шарофиддин	Cathedral mosque of Khoja Sharofiddin			
n7477080936	40.144252	64.612871	Ahad hoji Qilich o'g'li jom`e masjidi	Соборная мечеть Ахад хожи Килич угли	Cathedral mosque Ahad Khoji Kilich ugli			
n7477312347	39.981276	64.358024	YOZDA AHMAD VALI jom`e masjidi	Соборная мечеть ЁЗДА АХМАД ВАЛИ	Cathedral Mosque of Yozda Ahmad Vali		ЁЗДА АҲМАД ВАЛИ жомъе масжиди	Ромитан туман Миришкор МФЙ
n7477312359	39.997381	64.246048	Mulla Narzi jom`e masjidi	Соборная мечеть Мулла Нарзи	Mulla Narzi Cathedral Mosque			Ромитан туман Мўри қишлоғи
n7477359572	39.975600	64.388767	XO'JA SAID PO'LOT jom`e masjidi	Соборная мечеть ХОДЖА САИД ПУЛАТ	Cathedral mosque of Khoja Said Pulat		ХЎЖА САИД ПЎЛОТ жомъе масжиди	Ромитан туман Юқор Мириш қишлоғи
n7477359593	39.935108	64.393966	Bibi Saida jom`e masjidi	Соборная мечеть Биби Саида	Bibi Said Cathedral Mosque			Ромитан туман Хўжалар қишлоғи
n7477359621	40.017801	64.186023	Shayx Umar ibn Ahmad Al-Qoqishtuvoniy jom`e masjidi	Соборная мечеть Шейх Умар ибн Ахмад ал-Кокиштивони	Cathedral mosque Sheikh Umar ibn Ahmad al-Kokishtivoni			Ромитан туман. Муғонча қишлоғи
n7477359648	39.918881	64.367715	Hazratibobo jom`e masjidi	Соборная мечеть Хазратбобо	Hazrat Bobo Cathedral Mosque			Ромитан туман Ўзбекистон 1 уй
n7477359749	39.913012	64.290377	Mahallai-bolo jom`e masjidi	Соборная мечеть Махалла-боло	Cathedral Mosque of Mahalla Bolo			
n7477359750	39.868214	64.289033	Xoki Mullopir jom`e masjidi	Соборная мечеть Хоки Муллапир	Hoki Mullah Pir Cathedral Mosque			
n7477359796	39.897043	64.293833	Amir Hamza jom`e masjidi	Соборная мечеть Эмир Хамза	Cathedral mosque Emir Hamza			
n7477359811	39.929416	64.297755	Eshoni Pir jom`e masjidi	Соборная мечеть Эшани Пир	Ashoni Pir Cathedral Mosque			
n7477359812	39.928575	64.383685	HAZRAT UMAR jom`e masjidi	Соборная мечеть ХАЗРАТ УМАР	Cathedral Mosque of HAZRAT UMAR		ХАЗРАТ УМАР жомъе масжиди	
n7480307867	39.878670	64.483059	Imom A`zam jom`e masjidi	Соборная мечеть Имом Аъзам	Cathedral mosque of Imom Azam			Бухоро туман Саховат ҚФЙ Мақсуд Шайхзода кўчаси
n7480310942	39.840416	64.464602	Xitoyon jom`e masjidi	Соборная мечеть Хитайон	Cathedral mosque Hition			Бухоро туман Хитоён қишлоғи
n7483185359	39.721672	64.560459	Hazrati Bilol jom`e masjidi	Соборная мечеть Хазрат Билал	Cathedral mosque of Hazrat Bilal			Когон шаҳар Беруний қўчаси 193-а уй
n7483185360	39.713542	64.546350	Shom jom`e masjidi	Соборная мечеть Шам	Cathedral Mosque Sham			Когон шаҳар Набиев кўчаси
n7483195490	39.720501	64.573999	Zirabod jom`e masjidi	Соборная мечеть Зирабад	Cathedral mosque Zirabad			Когон шаҳар Зирабод 57 уй
n7483346372	40.049266	64.379634	Malishoyak jom`e masjidi	Соборная мечеть Малишояк	Cathedral mosque Malishoyak			
n7492049613	39.812475	64.252296	XO'JA AHMAD ZINDAFIL jom`e masjidi	Соборная мечеть ХОДЖА АХМАД ЗИНДАФИЛ	Cathedral Mosque of Khoja Ahmad Zindafil		ХЎЖА АҲМАД ЗИНДАФИЛ жомъе масжиди	
n7494301932	39.977225	64.613675	Mavlono Yaqubiy Charxiy jom`e masjidi	Соборная мечеть Мавлоно Якуби Чархи	Cathedral mosque Mavlono Yakubi Charkhi			Вобкент туман Эҳсон ҚФЙ Кўлхатиб қишлоғи
n7494353960	39.522882	63.789540	XO'JALAR jom`e masjidi	Соборная мечеть ХУЖАДАР	Cathedral mosque KHUZHALAR			
n7494559741	39.497178	64.788748	Abdulloh ibn Muborak jom`e masjidi	Соборная мечеть Абдуллах ибн Мубарак	Cathedral mosque Abdullah ibn Mubarak			
n7495138135	40.175989	64.449859	Qori Fazliddin jom`e masjidi	Соборная мечеть Кори Фазлиддин	Cathedral mosque Corey Fazliddin			
n7495177315	39.557845	63.944025	Alika Xo'ja jom`e masjidi	Соборная мечеть Алика Ходжа	Cathedral mosque Alik Khoja			
n7501876194	39.771585	64.389036	Mahmud Tarobiy jom`e masjidi	Соборная мечеть Махмуд Тароби	Cathedral Mosque of Mahmoud Tarobi			Бухоро шаҳар Шергирон кўчаси 2
n7501958014	38.304345	68.020807	XO'JA ABU HURAYRO jom`e masjidi	Соборная мечеть ХОДЖА АБУ ХУРАЙРА	Cathedral Mosque HOJA ABU HURAIRAH			
n7503444329	41.541943	61.272211						
n7579540325	41.028311	71.601044	Abdulloh ibn Mas‘ud jome masjidi					A. Avloniy ko‘chasi, 14
n7579547960	41.013289	71.629183	Abu Yusuf jome’ masjidi					
n7620801577	40.375934	71.430542						
n7620801579	40.369843	71.418389	Tora Dada Masjidi					
n7641181825	38.420726	70.152807	Ziyoratgoh Zelolak					
n7717010124	41.010801	71.807168	Qambarboyvachcha jome' masjidi					
n7804674349	41.100862	71.676234	Yorilgan jome' masjidi					
n7832138417	37.460762	66.929404	DO'STMUHAMMAD jom`e masjidi	Соборная мечеть ДУСТМУХАММАД	Cathedral Mosque DUSTMUHAMMAD			
n7877261242	38.309708	69.691533	Mausoleum (maqbara) of Shohnematulloi Vali					
n7880612576	37.067561	69.425649	Imam Azam Mosque(Haji Dana Mosque)					
n7880668506	37.067821	69.431978						
n7880668507	37.065361	69.430563						
n7880668508	37.069543	69.427146						
n7887376949	37.653283	67.522700	BOYMOQLI jom`e masjidi	Соборная мечеть БОЙМАКЛИ	Cathedral mosque BOYMAKLI			
n7918756798	38.688185	71.369630						
n8025522171	38.567502	67.601894	jom'e masjid	соборная мечеть				
n8059462935	38.208258	67.192900	jom`e masjidi	Соборная мечеть				
n8152091997	39.144245	67.636077	Мазор Хазрат-Султан					
n8236644576	40.836686	73.268684	Молдо Эрназар мечити		Mulla Ernazar mosque			Мамат Анарбаев көчөсү
n8237947251	38.046177	57.148871	امامزاده شاهزاده نبی					
n8264606900	39.737200	64.322800	Usmon ibn Affon jom`e masjidi	Соборная мечеть Усман ибн Аффон	Cathedral Mosque of Usman ibn Affon			Бухоро туман Шергирон ҚФЙ Чор Бакр қишлоғи
n8279840231	40.509952	65.571674	XASAN XUSAN IMOM XUSAN jom`e masjidi	Соборная мечеть ХАСАН ХУСАН ИМАМ ХУСАН	Cathedral Mosque KHASAN KHUSAN IMAM KHUSAN			
n8284367670	40.561606	65.712165	SAID AKBAR MUBINJON HOJI jom`e masjidi	Соборная мечеть САИД АКБАР МУБИНЖОН ХОДЖИ	Cathedral Mosque SAID AKBAR MUBINJON KHODZHI			
n8323360345	41.095166	68.691913						Алдан Тұралимов
n8383453492	42.233546	69.810570	мечеть Елтай					
n8455189237	37.078624	57.526201	مسجد امام رضای شهرک					
n8478206371	37.478175	66.816648	jom`e masjidi	Соборная мечеть	Cathedral Mosque			
n8480519021	38.229147	67.740394	XIDIRSHO OTA jom`e masjidi	Соборная мечеть ХИДИРШО АТА	Cathedral Mosque HIDIRSHO ATA			Олтинсой туман Хидиршо маҳаласи Хидиршо кўчаси
n8501210747	38.336723	66.560167	TANGIOROM jom`e masjidi	Соборная мечеть ТАНГИОРОМ	Cathedral Mosque TANGIOROM			
n8513473862	37.128035	55.583160						
n8538292841	40.998502	71.623668	Yusufxon oʻgʻli Qosimxon jome’ masjidi	Соборная мечеть ЮСУФХАН УГЛИ КАСИМХАН	YUSUFKHAN UGLI QASIMKHAN			G'alaba ko'chasi, 243
n8566551625	37.335970	56.886047	مسجد حضرت زهرا					
n8615881418	38.438001	67.797103	ABDURAXMON HOJI OTA jom`e masjidi	Соборная мечеть АБДУРАХМАН ХАДЖИ АТА	Cathedral Mosque ABDURAHMAN HAJI ATA			
n8619007029	38.551795	67.529213	DOMULLO SHOHQOSIM jom`e masjidi	Соборная мечеть ДОМУЛЛА ШАХКАСИМ	Cathedral Mosque DOMULLA SHAHKASIM			
n8619146345	38.047542	67.835885	MENGTO'RA HOJI BOBO jom`e masjidi	Соборная мечеть МЕНГТУРА ХАДЖИ БАБА	Cathedral Mosque MENTURA HAJI BABA			
n8619146355	38.588817	67.572378	MULLA ABDUKARIM OXUND jom`e masjidi	Соборная мечеть МУЛЛА АБДУКАРИМ ОХУНД	Cathedral Mosque MULLA ABDUKARIM OHUND			
n864633452	41.026790	72.741686						
n8651184527	37.006257	66.610599						
n8659208443	43.520019	68.517731	Абу Бакир намазхана					улица Ататюрка
n8734791428	38.484060	68.032146	DOMULLA MAHMUD jom`e masjidi	Соборная мечеть ДОМУЛЛА МАХМУД	Cathedral Mosque DOMULLA MAHMUD		ДОМУЛЛА МАҲМУД жомъе масжиди	
n8735557417	40.610257	71.833719	Qoratepa masjidi					
n8759013719	38.349197	67.837411	ABU BAKR SIQQID jom`e masjidi	Соборная мечеть АБУ БАКР СИДДИК	Cathedral Mosque ABU BAKR SIDDIK		АБУ БАКР СИДДИҚ жомъе масжиди	
n8759013740	38.463834	67.887564						
n8759013741	38.397241	68.011832	BAHOUDDIN NAQSHBAND jome' masjidi	Соборная мечеть БАХАУДДИН НАКШБАНД	Cathedral Mosque BAHA' AL-DIN NAQSHBAND		БАХОУДДИН НАҚШБАНД жомеъ масжиди	Сариосиё тумани Ёқутли Боғ маҳалласи
n8759013750	38.452465	67.888510	HAZRATI MAVLAVIY jom`e masjidi	Соборная мечеть ХАЗРАТИ МАВЛАВИ	Cathedral Mosque KHAZRATI MAVLAVI		ҲАЗРАТИ МАВЛАВИЙ жомъе масжиди	Сариосиё тумани Боғи Обод маҳалласи Тиргарон қишлоғи
n8884017421	38.200339	66.945971						
n8906418801	37.575319	67.504765	XO'JA SAMANDAR TERMIZIY jom`e masjidi	Соборная мечеть ХОДЖА САМАНДАР ТЕРМЕЗИ	Cathedral Mosque of KHODJA SAMANDAR TERMEZI		ХЎЖА САМАНДАР ТЕРМИЗИЙ жомъе масжиди	
n8906610953	37.535461	55.594562						
n8906610961	37.534057	55.595155						
n8962348839	39.038683	66.675556	Тезоб-ота мечеть					
n8981956976	37.947114	55.515331						
n8994506763	40.068421	65.631286	5 mahalla				5 маҳалла	
n9027893247	40.266770	69.657097	Ҳоҷа Даштак		Hoja Dashtak Mosque			
n9031988721	39.280937	67.806409						
n9033883280	39.342269	68.062590						
n9037998807	39.280245	67.812204						
n9037998810	39.275968	67.801737						
n9078681685	39.171462	67.834863						
n9176159703	40.930257	72.975213	Айти мечит					
n9182829730	38.365747	57.028954	Abdyrahman ogly Abdylla					
n9183678061	37.400495	57.539337						
n9183678084	37.416161	57.559727						
n9195485095	40.917553	72.987099	Абу Бакр Сиддик					
n9200105070	40.925220	72.969321						
n9204266577	40.962565	71.719085	Sayyid Jaloliddin Jomi Masjid					
n9204474776	40.321970	71.373724	Дўсти худо пирим					
n9204766319	40.906843	72.932229	Имам Азам мечити					Тиллабай ажы көчөсү, 71
n9206945955	40.920792	72.973433						
n9218346415	39.859741	64.453294	jom`e masjidi	Соборная мечеть				Бухоро туман Холмуродов қишлоғи
n9238382423	37.338682	67.213839	jom`e masjidi	Соборная мечеть	Cathedral mosque			
n9287317497	39.168602	72.446850	Суякмазар	Суякмазар	Suyak Mazor			
n9365780116	45.849850	62.196662						
n936795464	43.296073	68.270919	Қылует жерастындағы мешіті					
n9469806295	39.429833	68.450692	Масчиди Зеробод		Zerobod Mosque			
n9484063086	42.413481	68.781238	Шарапат Мешіт					улица Алтынсарина, 26/1
n9484595215	42.403812	68.791299	Al Haq					
n9490521558	42.437388	68.821519						
n9490860488	39.322959	69.085305						
n9490925719	42.430183	68.817108						
n9490925834	42.428719	68.809127	ӘбдіҒаппар					
n9499807166	39.346808	68.980676	Масҷиди Дарғ		Dargh Mosque			
n9499807231	39.344954	68.976908	Масҷиди Каздон		Kazdon Mosque			
n9603021179	40.567598	72.755997						Имам Бухары улица, 38
n9632054967	39.428350	69.908136						
n9634764829	41.041142	72.349659	Otaqoʻzi ota jome' masjidi	Отақўзи хожи				
n9634764830	40.883116	72.561146	Nurmuxammad xoji jome' masjidi	Нурмуҳаммад хожи				Бек маҳалласи кўчаси
n9634793634	40.742702	71.773140	Ovulmat jome' masjidi					Масжид кўчаси
n9634793635	40.925081	72.495197	Muazzimboy jome' masjidi	Муаззимбой				Муаззинбой кўчаси, 1
n9634793636	40.905952	72.522505	Imomi Aʼzam" r.a. jome' masjidi	Имоми Аъзам р.а				Қўрғонча кўчаси
n9634793637	41.043351	72.342903	Immatali xoji jome' masjidi	Имматали хожи				Тошқўрғон кўчаси
n9634793638	40.957375	72.491879	Koʻk toʻnlik ota jome' masjidi			Қўк тўнлик ота		Кўктўнлик ота кўчаси
n9634793639	40.914660	72.511053	Muxammad Sharif Xisoriy jome' masjidi	Мухаммад Шариф Хисорий				
n9634844407	40.698888	72.056995	Boiston jome' masjidi	Боистон				Shaydullayev koʻchasi, 4
n9634844408	40.711191	72.074701	Gul tepa jome' masjidi	Гул тепа				Ravnaq ko'chasi
n9634844409	40.714173	72.058206	Ponsto jome' masjidi					Шаҳрихон шох кўчаси
n9634844412	40.596444	72.623567	Erkaboy devona jome' masjidi					
n9634844413	40.681841	72.515140	Mustahkam jome' masjidi	Мустаҳкам				
n9634844414	40.606929	72.646959	Manak jome' masjidi					Боғ кўчаси
n9634844415	40.701783	72.520354	Yusufchek jome' masjidi					Гулдиёр кўчаси
n9634844416	40.646594	72.600232	Guliston jome' masjidi					Зарбдор кўчаси, 70
n9634852818	40.670019	72.558160	Yetti chinor jome' masjidi					Жоме кўча
n9634899845	40.688994	72.132738	Solmon Forsiy jome' masjidi	Солмон Форсий				Салмони Форсий кўчаси, 171
n9634899846	40.653246	72.158191	Xalim kori jome' masjidi	Халимқори				Ганч кўчаси, 111
n9634899847	40.755450	71.984520	Mulla Egamberdi oxun jome' masjidi	Мулла Эгамберди охун				Абдубий кўчаси
n9634899848	40.723826	72.028127	Saroy jome' masjidi	Сарой				Ҳақиқат кўчаси
n9634899849	40.740602	72.051369	Vaxim jome' masjidi	Ваҳим				Ваҳим кўчаси, 50
n9634899850	40.667670	72.100616	Eshon jome' masjidi	Эшон				Эшон кўчаси
n9634899851	40.687159	72.161958	Xazrati Bilol jome' masjidi	Хазрати Билол				Дўрмон кўчаси
n9634899852	40.636578	72.069155	Naynavo jome' masjidi	Найнаво				
n9634899853	40.739665	72.008113	Soʻpilar jome' masjidi	Сўпилар				Сўзақ кўчаси
n9634899854	40.713191	72.086825	Munisxon xoji jome' masjidi	Мунисхон хожи				Шокирбой кўчаси
n9634899856	40.719732	72.062931	Qora-Koʻrpa jome' masjidi			Қора-Кўрпа		К.Ёқубов кўчаси
n9634899857	40.717098	72.047407	Жўрабой					Фурқат кўчаси, 4-берк кўчаси
n9634899858	40.699824	72.045839	Yakka tut jome' masjidi	Якка-тут				Хамид Олимжон кўчаси
n9761373411	40.452684	66.041669						
n9873471137	40.591755	72.810281	Кош Келиниздер					
n9901645918	42.883185	71.415790	Әулие ата Ескерткіші		Aulie ata monument			
n997956789	37.329562	56.025263						
n997961442	37.338035	56.258736						
n9979936912	41.409968	69.507425	Baytqo'rg'on jome' masjidi					
n9981136940	37.460099	57.324552	مسجد و حسینیه صاحب الزمان					
r10030222	37.233250	67.257785	Hakim at-Termiziy jom`e masjidi	Соборная мечеть Аль-Хаким Ат-Термизи	Al-Hakim At-Tirmizi Cathedral Mosque			Shimoliy darvoza ko'chasi, 1
r10947631	41.523712	60.462727						
r11012130	38.162198	57.967552	Saparmyrat Hajy Metjidi		Saparmurat Hajji Mosque			Angarbaýew köçesi
r11324154	41.555861	60.641753	Oxunbobo jom`e masjidi	Соборная мечеть Ахунбаба	Cathedral Mosque Akhunbaba			
r13374088	40.491878	71.741419	Mo'y Muborak jome' masjidi				Мой муборак жомеъ масжиди	To'ralar ko'chasi, 2
r13911901	41.376837	60.362663	Sayid Sholikorboy masjidi	Саид Нияза Шали Карабая мечеть	Sayid Niaz Sheliker Mosque			Xiva
r14170945	38.867703	65.803305	Odina masjid va madrasasi	Мечеть и медресе Одина				
r14615831	39.814570	66.944930	Imom Albuxoriy Yodgorlik Majmui	Мемориальный комплекс имама Аль-Бухари	Imam Bukhari Memorial Complex	Imom Albuxoriy Yodgorlik Majmui	Имом алБухорий ёдгорлик мажмуи	
r15487144	38.869348	65.805649	Qilichboy madrasasi	Медресе Киличбой				
r1553869	41.336963	69.238940	Baroqxon madrasasi	Медресе Барак Хан	Barakhan Madrasah			
r17032159	40.766860	73.034148	Abdulxamid qori jome' masjidi					
r17141903	39.661812	66.987880	Shohi Zinda masjidi	Мечеть Шахи-Зинда				Самарқанд шаҳар Шохи Зинда кўча 39
r17985406	40.880390	69.039262	Nodirxon qori jome’ masjidi					
r18199933	41.235062	69.227671						
r19306987	42.308788	69.588407	Кошкар-ата					
r19306988	42.308781	69.588407						улица Амангельды, 29
r19307489	37.897852	58.412524	Hezreti Omar Metjidi		Hazret Omar Mosque			Parahat 7/3
r19934455	41.337467	69.241261	Hazrati Imom masjidi	Мечеть Хазрати Имам	Hazrat Imam Mosque			
r20277699	41.329560	69.233584	Toʻxtaboy	Тухтабай	Tukhtabay			
r20363459	45.074754	64.840942		Мечеть и медресе Калжан Ахуна				
r20770549	41.007591	71.734019	Istiqlol jome’ masjidi					
r20995192	40.471901	71.725200	Said Akhmad Khuja madresse	медресе Саид Ахсад Хужда				
r20998769	40.482841	71.735860	Shayx Muxiddin jome' masjidi					Anjuman koʻchasi, 56
r21046879	40.433914	71.707930	Said Amir Xamza jome' masjidi					Yangi Marg'ilon ko'chasi, 43
r21073340	40.504847	72.801180	Мечеть им. Шейха Мухаммад Аль-Ансарий					Канатбека Кулмаматова көчөсү, 98
r21077578	41.408586	71.680331	Zarkent jome' masjidi					
r21151698	40.476515	71.725737	Xonagoh jome' masjidi	Хонакох масжиди				Xonagoh ko'chasi, 14
r21368533	41.197518	72.176740						
r2324986	41.323408	69.236274	Koʻkaldosh madrasasi	Медресе Кукельдаш	Kukeldash Madrasah			Navoiy shoh ko'chasi, 46
r3077308	38.863720	65.791487	KO'K GUMBAZ jom`e masjidi	Соборная мечеть КОК ГУМБАЗ	Cathedral Mosque KOK GUMBAZ			Nasaf shoh ko‘chasi, 274
r3579844	37.932935	58.399000	Ärtogrulgazy metjidi	Мечеть Эртогрулгазы	Ertuğrul Gazi Mosque			Döwletmämed Azady (2011) köçesi
r4827007	41.335489	69.275237	Минор	Минор	Minor			
r5138907	41.532145	60.337219	jom`e masjidi	Соборная мечеть				
r5335620	39.775892	64.414135	Masjidi kalon jom`e masjidi	Соборная мечеть Мечеть Калян	Kalyan Mosque			Бухоро шаҳар Хўжа Нуробод кўчаси 14
r5620867	41.313663	69.235343	Xo'ja Ahmatboy masjidi	Ходжа Ахмадбой				
r5662959	39.801311	64.537199	Muzaffarxon masjidi					
r6104127	41.377761	60.361069	Медресе Кутлу Мурвд Инака	Медресе Кутлуг Мурад Инака	Медресе Кутлу Мурад Инака	Kutlug Murad Inaq Madrassah		
r6124841	41.626365	60.577154						
r6768036	41.277098	69.309298	Islom-ota jome masjidi	Ислам-ата	Islam-ata			
r6886595	37.107526	58.507976	مسجد جامع قوجان					
r7340400	38.608296	66.259852	Ulug'bek madrasasi	Медресе Улугбека				
r8159143	38.595876	68.763340	Масҷиди ҷомеи Душанбе "Қатар"					Душанбе
r8339113	41.354275	69.191355						Mirzo Golib 3-o'tish ko'chasi
r8339114	41.354440	69.191407						
r8945801	41.840461	59.910889	Baş Metjit					Görogly köçesi
r9683719	39.765925	64.403722	Volidayi Abdulazizxon jom`e masjidi	Соборная мечеть Валидаи Абдулазизхан	Validai Abdulazizkhan Mosque			Jo'ybor ko'chasi, 1/1
r9725631	41.440287	60.435760						
r9910805	40.870364	71.453543						
r9910810	40.870424	71.453291	Shoxfozil jome' masjidi					
w1006502444	40.701422	67.867180	DOMALA KAMOL jom`e masjidi	Соборная мечеть ДОМАЛА КАМАЛ				Арнасой тумани Чўлқувар ҚФЙ Кўчаси
w1008863541	41.279389	69.379790	Dorul Islom jome' masjidi	Дарул Ислам	Darul Islam			Тузел мфй
w1009241987	38.804654	65.636242	QUYI BESHKENT jom`e masjidi	Соборная мечеть КУЙИ БЕШКЕНТ	Cathedral Mosque KUYI BESHKENT			Қарши тумани, Бешкент шаҳар, Қуйи Бешкент МФЙ
w1012357317	43.275765	68.338732						160-й квартал, 437
w1012479460	42.444305	68.828519	Кыдырбай Кажы					улица Ардагер, 44а
w1012664063	42.524301	72.035921	Мечет					Сыдык улица
w1012830720	40.298793	68.559265	Husnobod jom'e masjidi					Ҳуснобод ҚФЙ, Зарафшон кўчаси 13/1.
w1014976971	41.067880	73.077841						
w1018554005	45.000382	55.821389						
w1020504823	38.525722	68.546613	Масҷид Эмом Ҳанафи РА					
w1022532020	40.944761	72.967491	Зулпукар сопу мечити					Манас проспект
w102381391	41.277470	69.215189	Qozirobod	Казирабад	Kazirabad			Chilonzor ko'chasi
w1024200187	42.447584	68.810040	әлтөйқызы мұралайқажы мечіті					
w1024240063	40.930483	72.991316	Тухфатул Обиддин мечити					Островский көчөсү
w1024258737	40.945990	72.957565						
w1024568379	40.926766	72.954930						
w1024568380	40.926898	72.954846						
w1028279642	40.931104	72.973081						
w1028279643	40.930914	72.973061						
w1028283755	40.908415	72.972546						
w1028283809	40.917171	72.948424						
w1028283810	40.917078	72.948212						
w1028454847	42.423844	68.786263	Әл-Фатиха					
w1028901435	39.032327	67.378223	Mulla Ro'ziy masjidi					
w1028901468	39.033496	67.377159	Ko'hna masjidi					
w1029271020	40.952210	73.016183	Мечеть Кыбла Тайн					
w1031957077	41.329287	69.428086						
w1031959453	43.292519	68.273557	Ахмет Ясауи Мешіті	мечеть Ахмеда Ясави				
w1032893952	40.593507	65.708933	SHAKARAK jom`e masjidi	Соборная мечеть ШАКАРАК	Cathedral Mosque SHAKARAK			Нурота тумани Охунбобоев кучаси 53
w1034130627	40.800375	72.112630	Oq tepa jome' masjidi	Оқ тепа				Nurafshon, 5
w103497338	38.561114	68.808657	Масҷиди Шоҳмансур	Мечеть				Масҷид Шоҳмансур
w1035011177	42.833680	59.000552	Eshim axun jom`e meshiti	Мечеть Яшим ахун	Cathedral Mosque Yashim Akhun			
w1035047505	40.879562	72.024561	Maxamadsoli qori jome' masjidi	Махаммадсоли				
w1036624749	39.946347	71.091648	Masjid					
w1036624750	39.961659	71.132235	Masjid					
w1036624751	39.968310	71.149379	Masjid					
w1036624752	39.974011	71.142069	Masjid					
w1036624753	39.974442	71.133669	Masjid					
w1036624754	40.063150	71.100959	Masjid					
w1036624755	40.115638	71.082991	Tul jome' masjidi					
w1036624756	40.144293	71.071295	Nizomiddin jome' masjidi					
w1036624757	40.146215	71.069993						
w1036624758	40.167927	71.055101	Sulton Mahmud jome' masjidi					
w1036624759	40.027392	71.105780	Masjid					
w1036624760	39.949342	71.128221	Davron hoji jome' masjidi					
w1036624761	39.946240	71.159136	Mirzo Qosim jome' masjidi					
w1036624762	39.949477	71.156404	Hoʻja Abdulqosim jome' masjidi					
w1036624763	39.944459	71.149122	Obidxon					
w1036624764	39.940389	71.134853	Xazrat Ali jome' masjidi					
w1036624765	39.901888	71.063468	Tojmahal jome' masjidi					
w1036624766	40.074330	71.096425	Hidoyat Tillo masjidi					
w1037899762	41.762867	69.381928	Молалы мешіті					Валиханов, 50а
w1038166471	41.744696	69.388633	Қазығұрт орталық мешіті					Конаева, 174
w1038166475	41.744862	69.388556	Қазығұрт орталық мешіті					
w1039024137	42.471941	69.631821						
w1040227884	40.917472	72.987106	Абу Бакр Сиддик					
w1040245507	40.900333	72.969539						
w1042736041	40.005613	72.972407						
w1042957782	40.975543	72.990473						
w1042957783	40.975590	72.990653						
w1043319665	40.975543	72.990473						
w1043638397	40.934479	73.000338						
w1043802975	41.030742	73.198258						
w1046181914	40.947796	72.998276						
w1046496610	40.932363	73.013695						
w1046496611	40.932199	73.013809						
w1046577419	43.927229	67.261978	Мечеть Аль Мумин					Тауелсиздик, 37
w1047498716	39.058359	70.204912						
w105572713	38.587831	68.784058	Мевлана Яакуб Шарки Мадраса		Mevlana Yakub Charki Mosque			
w1056045567	42.490634	69.409242						улица Кунаева
w1056136667	42.481088	69.414284	Ар Рашид					КАЛМЕТОВ КОЙЛЫБАЙ
w1057505429	41.476629	69.189721						улица Ягулвари, 29
w1058528774	38.389069	67.995922	Xo‘ja Muhammad Porso jome' masjidi	Соборная мечеть Кходжа Мукхаммад Порсо	Cathedral Mosque Khodja Mukhammad Porso			
w1063480687	43.004168	60.424441						
w1069495854	39.304968	66.634566						
w1069558379	42.522562	69.775975	Ашбулак					улица Сагинтаева
w1070618516	43.297317	58.939637						
w1072375583	42.200346	63.589142	Bedar ota					
w1073879321	45.825244	62.648159						
w1074755707	42.182490	69.883817	Мечеть Уш ата					Айтеке би, 20
w1075938839	38.451889	70.790379						
w1081730091	40.871513	72.954203						
w1081730092	40.871654	72.954186						
w1082496878	43.552070	68.482737						Володарский көшесі, 2г
w1082829105	42.433645	59.604904	Muhammed Baxıy Iyshan meshiti	Мечеть Муххаммед Бахи Ийшан	Mosque Muhammed Bahi Iishan			Jeke terek kóshesi
w1083473233	43.497861	68.478116	Әмина мешіті					улица Жумабаева
w1083497894	43.558974	69.728589						
w1083842739	43.568901	69.738553						
w1085846693	43.497302	68.488006	Намазхана Бургем					Кентау
w1086284477	38.715384	69.709068						
w1086607117	38.654703	69.159579						
w1087063310	38.786695	70.301264						
w1087156643	40.292580	69.667654	Масчиди Хоҷагон					
w1087339648	42.203510	63.551444						
w1088013995	45.758071	61.816773						
w108816248	37.097542	58.500584	مسجد امام حسین					
w108816297	37.098245	58.506999	مصلی					
w1088472873	40.927259	71.836830	Qurbon ota jome' masjidi					
w1089565155	39.904862	56.077559						
w1090941167	37.658777	57.023684						
w1092557834	43.422572	59.648994		Мечеть Кара Кум ийшан				
w1093072077	37.260393	67.298576	Kokildor ota xonaqosi	Ханака Кокильдор ота	Kokildor Khanaka			
w1094113226	44.895128	64.574529						
w1095629292	41.218903	73.345489						
w109579886	41.178560	69.249290	Қора Соқол ота жоме масжиди	Кора Сокол соборная мечеть			Қора Соқол ота жоме масжиди	
w1095839257	42.203234	63.551704						
w1097345498	41.166652	69.124315	Abdujalilbob jome’ masjidi	Абдуджалибоб				
w1097346088	41.204576	69.084120	Dorus salom jome’ masjidi					
w1098452021	42.819928	68.436291	Темір ауылдық мешіт					
w1098513455	43.515551	68.355425						
w1099761068	41.248154	71.551013	Xazrati Umari odil jome' masjidi					
w1102828640	44.166795	66.739563	Мечеть					
w1103150238	40.502765	72.808416	Роббаний					Суйумбаева улица, 37/1
w1104998361	39.993020	71.804357	Hazrat Ali jome' masjidi					Shohimardon
w1106627858	40.575858	72.752750	Kufa jome' masjid					
w1106927722	39.635306	72.665340						
w1106927723	39.645510	72.665171						
w1107095137	41.349209	69.355546						
w1107576150	41.239594	71.544939	Abdulxayxon jome' masjidi					
w1107576151	41.244976	71.544700	Sodot jome' masjidi	Содот жоме масжид				
w1107577994	41.250251	71.534446	Mulla Raxim qori jome' masjidi					
w110906325	41.263834	69.187664	Bo'rijar jom`e masjidi	Буриджар	Burijar			Al-Xorazmiy ko'chasi, 63
w1110547194	39.641510	66.991169						
w1110734517	40.100596	67.977664						
w1112082911	42.487776	69.391149	Әсіпбек қажы					Әсіпбек Омаров көшесі
w1115320522	41.841080	60.135965						
w1115933797	44.768969	56.194666	Berdaq baba	Бердах баба				
w1115962331	39.905993	71.210233						
w1116076528	43.074800	58.908789						
w1116608894	40.085597	71.098124						
w1117137163	39.869649	71.023200						
w1117137171	39.860048	71.012772						
w1117569720	39.897838	71.054075						
w1117569721	39.894380	71.050753						
w1117569727	39.888096	71.044890						
w1117618307	41.205315	71.720390	Boboyixandon jome' masjidi					
w1117618308	41.235862	71.779715	Shoxoʻjaboy jome' masjidi					
w1118888710	45.447393	56.109692						
w1118888711	45.447380	56.109698						
w1119184008	39.704607	66.921198	МЕЧЕТЬ					
w1119184220	39.700547	66.931512						
w1120061388	41.069606	72.654198						
w1120133514	41.031060	72.484428						
w1120570411	45.038040	55.753708						Егемендик, 1
w1124935728	39.457156	66.019339	jom'e masjid	соборная мечеть				Нуробод тумани Олға МФЙ
w1126357227	37.824640	68.782578	Мечеть					Бохтар
w1126913188	41.265579	68.002027						Нуртаса Ондасынова, 65
w1127496048	40.546288	72.709119						
w113102218	42.351502	69.529389	Акмечеть имени шейха Халифы бен Заида ан-Нахайяна		Sheikh Khalifa bin Zayed al-Nahyan Akmechet			Тамерлановское шоссе, 33
w1131109671	42.338546	69.503707						Шардара улица, 2/1
w1132010617	37.957788	58.198935						
w1133368518	38.858014	65.773237	QILICHBEK QO'RG'ONCHA jom`e masjidi	Соборная мечеть КИЛИЧБЕК КУРГАНЧА	Cathedral Mosque KILICHBEK KURGANCHA			Қарши шаҳар, Қиличбек Қурғонча МФЙ, Узумзор кўчаси, 5
w1133972610	38.875776	65.815421						
w1133972611	38.875551	65.816054						
w1133972614	38.875486	65.816927						
w1133973383	38.876590	65.816710						
w1134488111	39.461250	67.095796						
w1134720799	39.448594	67.100394						
w1136222178	40.209346	72.698350						
w1137322791	40.543228	70.944997	Shayxul Islom jome' masjidi					Yangi hayot ko'chasi, 49
w1149946113	40.781494	68.306802	Центральная мечеть им. Нугмана ибн Сабита					улица Кожанова
w1150193411	40.765098	68.314499	Нур-Жетысай					улица Мухтара Ауезова
w1150206678	41.504242	71.740028						
w1150351615	41.490016	71.760468						
w1150351616	41.490085	71.760272						
w1152716124	40.748563	68.268619	мечеть Қаныбек қажы					Әбдіхалық
w1152716384	40.748562	68.269060						
w1153771057	40.799155	68.345632	Құрбан-Ата мешіті					Мергенбаев
w1154096507	40.758420	68.170250	мечеть им мода Сарсенбай					Байконыс
w1154100554	40.730328	68.201547	мечеть Аль Малик					село КАРОЙ
w1154270097	43.464773	68.314524						
w1154308915	40.819167	68.264240	Сатбаев мечеть					
w1154582399	40.765614	68.332609	Жастар мешіт					улица Жастар
w1155139686	40.792343	68.323882	Мечеть Откелбай					улица Яссауи, 118
w1155185284	40.795424	68.351410	Абиболла мечеть					улица Кобеева
w1157058210	43.552147	68.902260						
w1157376902	43.339468	68.681252						
w1157376920	43.338889	68.679869						
w1157388056	43.410504	68.604890						
w1157388061	43.433318	68.812376						
w1157566438	40.484430	68.775551	Iso o'g'li Muso jom`e masjidi	Соборная мечеть ИСО УГЛИ МУСО	Cathedral Mosque ISO UGLI MUZO			
w1158817582	40.526387	70.941869	Hadya Hoji jome' masjidi					Baxmalbob ko'chasi, 70
w1159470957	43.510499	69.785716						
w1159585097	41.291062	69.197396	Ko`zi Ojizlar					Lutfiy ko'chasi, 50/5
w1162261946	44.845581	65.526966	Мечеть					
w1163559646	39.739847	65.997900						
w1163946652	40.366165	71.796268	Ahmadjon qori jome' masjidi					Oqariq ko'chasi
w1163946655	40.413001	71.773112	Jo'ydam jome' masjidi					Jo'ydam ko'chasi
w1163962272	40.174804	71.725966	Ho'ja Ahmad Vali jome' masjidi					Chimyon ko'chasi, 15
w1163962273	40.314200	71.817423	Damko'l jome' masjidi					
w1163974621	40.444624	70.604122	Umar ibn Abdulaziz jome' masjidi					Beshariq
w1163974622	40.350159	70.665372	Firdavs jome' masjidi					
w1163974623	40.413525	70.651394	Telov jome' masjidi					
w1163974624	40.482355	70.770034	Al-Madinatul Munavvara jome' masjidi					
w1163974625	40.513753	70.876802	Ingichka jome' masjidi					
w1164346585	43.333268	68.272154						улица Аягоз, 18
w1164547240	40.557875	70.950926	Muhammad Said xo'ja jome' masjidi					
w1164553401	40.543680	71.058699	Uchko'prik jome' masjidi					Uchko'prik
w1164584333	40.416742	71.238448	Bo'jay jome' masjidi					
w1164588328	40.384957	71.460278	Katta masjid jome' masjidi					
w1164588329	40.427240	71.581018	Oqbo'yra jome' masjidi					
w1164588330	40.424570	71.514426	Nurobod jome' masjidi					
w1164588331	40.394054	71.503222	Poloson jome' masjidi					
w1164588332	40.381614	71.500204	Oqduppi Eshon jome' masjidi					
w1164588333	40.390389	71.465191	Shoh Tolib jome' masjidi					
w1164777372	40.490270	71.600691	Gufron jome' masjidi					
w1164777374	40.578891	71.702189	Xazrati Mavlono Lutfillo jome' masjidi					
w1165335202	43.281353	68.227708	Накыпалты мечеть					Рамбердиева улица, 1
w1165917546	41.439661	71.692188	Mamay jome' masjidi					
w1173424790	42.485436	69.429732	Имам Агзам					КАЗЫБЕК БИ
w1174727331	45.067244	64.662830	Сму Мешіті					Жалағаш
w1174783432	42.457476	69.403675						30 Коше
w1175824562	40.534645	72.799992						
w1175834912	40.722289	68.287854	Мечеть им Абдигаппар Есентемир					
w1178550604	37.403031	57.297320						
w1179676563	39.916006	66.253228	jom'e masjid	соборная мечеть				Каттақўрғон шаҳар Самарқанд шох кўча
w1181747119	41.004535	71.531182						
w1184196975	39.910232	66.269608	jom'e masjid	соборная мечеть				Каттақўрғон шаҳар Сармазор МФЙ
w1184204925	45.078917	64.680793	Иманқұл мешіті					Абай көшесі, 37
w1184394293	41.252134	69.199191	Muxsimxon-to'ra jom'e masjidi	Мухсинхан Тора Эшан ​	Mukhsimhan Tora Eshan			
w1186580485	40.856488	68.297918						Ақниет
w1187561159	40.715473	68.327159						Достық
w1190161505	40.489704	72.830530						
w1190615516	43.301080	68.222903	Ас-салам					улица А.Байтурсынов, 92а
w1191206770	42.899421	71.430967						Тараз
w1194035167	45.055093	64.984870						улица Конаева, 27
w1194045099	39.895253	66.264959	jom'e masjid	соборная мечеть				Каттақўрғон шаҳар Дамариқ МФЙ
w1196091364	39.456749	67.085538	Ixlos ziyo jome' masjidi	Ixlos ziyo соборная мечеть				Ургут тумани Қулқишлоқ МФЙ
w1196813833	40.876539	68.325570						село Талапты
w1201623929	42.397920	69.422860						
w1201698612	42.965115	71.466060						
w1201768372	40.781671	68.392201	мечеть им Бейсенбай Ата					
w1202312341	40.753214	68.402678						
w1202312343	40.756516	68.399225						
w1202352325	40.784039	68.426258						село А.Калыбеков
w1202356463	40.737820	68.292498	мечеть им Балғабайұлы Қосжан					Мырзашөл
w1202448123	40.783021	68.334308	Аль-Худус					улица Яссауи
w1204810349	40.865294	68.188527	Сианбай-Ата мешіті					село Караозек
w1204870640	40.724196	68.250270						
w1204949146	40.763846	68.301192	Қалдыбай Қажы мешіті					улица Калтурсын кажы, 31
w1205468885	41.996246	69.480115						
w1206590763	40.763560	68.421284	Айша-ана мешіті					
w1206779075	40.997081	71.659991						
w1210948309	42.834524	69.743791						
w1211186618	41.343035	69.335844	Tepamasjid jome masjidi	Тепамасжид жоме масжиди				Tepamasjid ko'chasi, 2a
w1212575348	40.971976	68.096809						Туркестан
w1213259749	44.167780	66.814640						
w1213979675	40.812089	68.359591	Найманбай ата					село Алгабас
w1213980468	40.833084	68.376338	Нағанай-Ата					ул Толегенов
w1214301912	41.157023	69.558979	Miyam qangli jome' masjidi					Зарафшон мфй
w1214322699	42.403828	69.573204						Улица Дидар, 2/7
w1214412552	41.040540	68.133939						село КАРАСАКАЛ
w1214526104	40.946905	68.162431						
w1214595211	40.905513	68.214519	Қалдыбек қажы мешіті					Мақталы ауылдық округі
w1214612691	40.848700	68.402771	мечеть Абылбек Адилхан					село Жамбыл
w1214617352	40.861544	68.428995	Ырыс					
w1215226711	40.842620	67.999628	Қоғалы мешіті					ул Орталық
w1215229857	41.012358	68.201887	НУРАН мешіт					село Алтынкөл
w1215269505	40.217523	65.383791						
w1215278238	44.171551	66.815393	ескі мешіт					
w1215279256	40.902487	68.358180						
w1215283721	40.943035	68.353992	Атақұл Ата мешіті					Атакулата
w1215632233	40.687041	68.285212	Базарбай-ата мешіті					село Ж Қалшораев
w1215693719	40.934969	68.538589	Ильяс Ата мешіті					Көкпарсай
w1217029239	43.587000	67.647128	Ноғай Ата					
w1217233415	43.303038	68.277023	әл Кәусар мешіті					улица Г.Мусирепов, 19
w1217865225	40.814870	68.170616						
w1220584889	43.295320	68.207521						улица З.Калауова, 7
w1222056885	40.851832	68.125901						
w1227728095	38.705115	68.643224						
w1228219240	43.692496	67.767948	Ноғай ата мешіті					
w1229224135	39.906276	67.635597	jom'e masjid	соборная мечеть				Ғаллаорол тумани, Гулистон ҚФЙ Чувиллоқ қишлоғи
w1229238682	38.827227	66.606531						
w1230014543	38.688482	68.643780						
w1231314167	40.802421	68.539213	Бірлік мешіті					Бірлік ауылдық округі
w1231323611	40.818255	68.544436						
w1231665218	40.871670	68.139945	Иманқұл Қалпе атындағы мешіт					село АТАМЕКЕН
w1232750239	40.641873	68.511166	Молла Исмайл мешіті					Еңбекші ауылдық округі
w1232982116	40.598868	68.505678						
w1232994311	40.640764	68.437652						
w1233542061	40.662572	68.393020	Мәлік ата мешіті					
w1233755216	40.685211	68.394464	Қожа Исмайл мешіті					Жолдыбай Нұрлыбаев ауылдық округі
w1234014842	40.668074	68.439711						
w1234016365	40.672269	68.480682						
w1234016366	40.672298	68.480240	АР-РАХМАН мешіті					
w1234027369	40.701426	68.421044	Атабек-Ата					ул Қ Жойшыбеков
w1234297650	40.730149	68.468065						
w1242791320	42.995264	68.871580						
w1244810652	41.049841	72.486238						
w1251161514	40.674905	68.171892	jom'e masjid	соборная мечеть				Мирзачул тумани, Гагарин шахри, Дустлик махалласи, Ихсанов кучаси 26
w1253739212	37.909376	69.769276	Масҷиди Чармгарон					
w1255985225	37.408527	57.924327						
w1256562273	42.556990	70.278632						
w1257401265	42.883988	71.256364						Кызылшарык
w1260561692	41.348713	72.224192	центральная мечеть	центральная мечеть				Чынгыз Айтматов, б/н
w1263246398	41.415648	69.116345	Мечеть					
w1265069242	42.822794	73.358925						
w1265442637	41.005071	69.241495	Usmon ota jome’ masjidi					
w1267666331	41.071077	69.029610	Gulbaxor jome' masjidi					
w1289722691	41.773890	60.507937	"Sayid Ko'chak Bobo" masjidi					
w1290044140	41.351168	60.636662	Muxammad Sayid ziyoratgohi					
w1292081815	40.050781	66.090226	Abu Xanifa jom`e masjidi	Соборная мечеть АБУ ХАНИФА	Abu Khanifa Mosque			Хатирчи тумани А.Икромов МФЙ
w1293080590	39.610603	66.975152	Abdiberun masjidi	Хужа Абду Берун	Khoja Abdi Berun Mosque			
w1302757209	37.794608	61.555262						Çaşgyn geňeşligi
w1305238369	42.377248	69.375041						
w1305254929	40.981816	71.850175	Axsi jome' masjidi					
w1305398825	41.214832	69.160266						
w1305472104	37.807121	66.044374						
w1305542915	43.508442	68.527925						Кентау
w1311741248	40.242253	68.907148	Abu Hanifa jom'e masjidi					Гулбаҳор ШФЙ, Қайирма қишлоғи
w1315850259	40.135651	67.866813	Toqchilik masjidi					
w1315890586	40.156638	67.841647	Oqqo'rg'onlik masjidi	соборная мечеть				Оққўрғонлик маҳалласи, Оққўрғонлик кўчаси
w1316084914	40.169039	67.820630	Masjid					
w1317496170	40.537455	72.837892	Имам Ат Термизий Атындыгы Борбордук Мечити					
w1318325156	40.205777	69.261962	No'mon ibn Sobit					Bekobod
w1318378728	40.135875	67.859641	jom'e masjid	соборная мечеть				Ш.Рашидов тумани, Тоқчилик ШФЙ Тоқчилик маҳалла
w1320484326	40.059037	67.888351	Hazrati Bilol masjidi					
w1320485239	40.058136	67.876556	jom'e masjid	соборная мечеть				Ш.Рашидов тумани, Оқ олтин МФЙ Қораянтоқ қишлоғи
w1320690744	40.105958	67.918928	Jom'e masjidi					
w1321446654	40.127657	67.892305	jom'e masjid	соборная мечеть				Ш.Рашидов тумани, Қангли МФЙ Тарахли махалла
w1325471375	40.010220	68.015652						
w1325471378	40.021012	67.990990	Masjid					
w1327085023	40.235480	67.954716						
w1328763455	41.692680	60.507064	XAMZA MASJID					
w1329058654	39.997580	68.422690	Amir Hamza masjidi	соборная мечеть				Зомин тумани, Лайлак уя қишлоғи
w1329690369	38.071088	58.085103	Arkadagyň Ruhy metjidi					Arkadag
w1329690375	38.078168	58.096847						
w1330348706	37.184150	68.618032						
w1331149431	37.909555	58.465310						
w1332894137	40.543009	68.700010	Maxdumi A'zam jom'e masjidi					Меҳнатобод ҚФЙ, Деҳқонобод МФЙ
w1332898632	40.453350	68.804702	Abu Bakr Siddiq jom'e masjidi					Деҳқонобод ҚФЙ, Анорзор МФЙ
w1334549162	40.265456	68.806134	Muxammad Bobur jome masjidi					
w1334952751	38.088954	58.073701						
w1336074380	40.015321	66.229692	qoriravot masjid					payshanba
w1336749844	39.988423	66.148343	Valijon Masjid					
w1349718074	37.301130	57.236277	مسجد جامع گریوان					
w1349718096	37.300793	57.238194	مسجد صاحب‌الزمان گریوان					
w1356307778	42.466548	72.035416	Мечеть					Кызыл-Октябрь
w1360697224	43.518044	68.356286						
w1363805968	42.186379	69.897616	Толе Би					
w1364364720	39.409724	69.028795						
w1364411038	39.181179	55.884143						
w1364411042	39.077891	55.929423						
w1364616986	39.247096	56.198247						Arkaç geňeşligi
w1368158793	38.322496	57.632391						
w1373303296	40.264507	71.009602						
w1373586697	39.768197	64.419564	Мечеть Саллоххона	Мечеть Саллоххона				
w1375888652	39.775004	64.424171	мечеть Абдуллы Кучкара	мечеть Абдуллы Кучкара				
w1380040744	39.652054	66.972536	Kurgancha masjid	Мечеть Курганча		Kurgancha masjidi		
w1383520083	43.296858	68.266357						Туркестан
w1386031764	37.662115	60.396130						
w1391351965	39.386399	67.240105						
w141044746	41.329544	69.218660	Фирдавс	Фирдавсий				
w1410919624	42.314696	69.577525						
w1414664015	40.500301	68.560636	Madaniyat jom'e masjidi					Мирзачўл ҚФЙ, Янгиовул МФЙ
w141617154	41.337056	69.240325	Mo’yi Muborak madrasasi	Медресе Муйи Мубарак	Muyi Mubarak Madrasah			Qorasaroy ko'chasi, 107/2
w141617158	41.336752	69.239902	Tilla Shayx	Тилля Шейх				Qorasaroy ko'chasi, 107/4
w141624570	41.338178	69.238076	Kaffol Shoshiy maqbarasi	Мавзолей Каффаль Шаши				Zarqaynar 18-chi berk ko'cha, 49
w1423706051	37.876676	58.482344						Hazar köçesi
w1428519977	44.686123	66.084462	Қалкул Ана					Жаназар батыр ауылы
w1428520028	45.067453	64.904022	Мечеть Қалжан Ахун					Бейбітшілік көшесі
w1429184237	45.061343	65.052104	Мечеть					Абая, 5
w1430506916	45.629843	61.931435	мечеть					Коркыт Ата, 20
w1430508750	44.507151	66.180421	Мечеть Асан-Усен					
w1430511083	45.149899	64.155760	Әбу-Ханифа мешіті					Ыбырай Алтынсарин, 18
w1430511675	45.085888	64.084913	Мечеть Ақжар					
w1430810323	44.337746	66.513814						
w1430835500	40.981820	64.010449						
w1432507393	43.597771	67.409275	Жүніс би мешіті					улица Н.Палымбетова
w1432511686	44.924427	65.370362						
w1432547589	40.788653	68.315255	Мечеть Калдыкыз ана					улица Ескендирова, 33
w1432610043	40.610459	68.243224						
w1432711477	44.057408	67.064601	Ескендір мешіті					
w1432729137	44.036712	67.259252	жайылма мечеть					
w1433243884	43.594726	67.411402						улица Н.Ержанова №4
w1433611055	40.551030	70.947144						
w1434003490	44.064342	67.022726	Мешіт					улица Шаймен
w143446111	41.336269	69.258775	Kox Ota jome' masjidi	Кох Ата	Koh Аta			
w1434559294	40.225647	69.150483	NURLI YO'L jom`e masjidi					Ширин ш. "Фарход" МФЙ, Беруний кўчаси.
w1434587380	40.225436	69.150558	Nurli yo`l jom`e masjidi	Соборная мечеть НУРЛИ ЙУЛ	Cathedral Mosque NURLI YOL			
w1434803983	44.767030	64.031522	Танарбай Ата Мешіті					Ыдырыс Ақмырзаев, 6
w1434817756	44.027702	67.017898	Мечеть Аль-Хак					улица Рахманберди Бимуратова, 7
w1435008619	41.660803	60.298024						
w1435008620	41.660635	60.297942						
w1435545810	38.155359	65.500892						
w1436871187	45.265964	64.211807	Мадрайм Ишан мешіті					Қ. Бексебаева, 50
w1436891973	45.070654	64.421356	Мечеть Абжали ишан					
w144057369	41.320496	69.232671	Ukkosha jome' masjidi	Уккоша мечеть	Ukkosha mosque			Ташкент
w1442158328	45.043319	65.275777	Кызылозек					54
w1443270189	41.413342	71.494090	Мечеть им. Борубека уулу Шамырза					
w1443352865	40.803461	68.583556	Paxtakor jom'e masjidi					Ҳалқобод ҚФЙ, Заршунос МФЙ, Нуробод кўчаси 15
w1443457427	41.409574	71.490857	Мечеть им. Шарипова Курманбека					Балтагулова, 5/1
w1444127832	42.436750	69.822205						
w1444447303	37.907461	57.699322						
w1445962747	45.786437	61.974065	Азилхан ишан					
w1446056929	40.883933	69.590452	Hilol jome' masjidi					
w1446228089	41.428703	71.657966	мечет					Кызыл кесек, 42
w1446312149	41.228431	69.335007	jom'e masjid	соборная мечеть				Бектемир кўчаси, 46
w1447901134	45.498082	61.978499						
w1448557790	39.698664	69.367679						
w1448561375	39.729043	69.396520						
w1448565825	39.741605	69.392334						
w1448693140	41.355910	69.077673						
w1449660715	42.872505	73.163008	Мерке ата Мечеть					улица Токтара Аубакирова, 10
w1450199197	44.918309	64.705018	Тайман Қари Мешіті					
w1450733485	40.653496	72.786542						
w1451296808	44.866286	64.403700	Дәулетназар ахун мешті					
w1451320075	44.881247	64.240916	Оспан Ата мешіт					
w1451610887	43.763832	67.233775	Ақсуат мешіті	Мечеть Аксуат				
w1453304145	44.665912	64.788729						
w1453304287	44.665815	64.789031						
w1455937171	43.295822	68.283152						
w1455940310	43.280412	68.317186	Төреқұлұлы Нәзір					Ы.Исмаилов улица, 2
w1460286171	45.075984	63.937470	Алдашбай ахун мешіті					улица Ешнияза-сала Жонелдикулы, 28
w1461465597	41.323224	69.175085						
w146226678	41.244077	69.359648	Алибек жоме масжиди	Алибек соборная мечеть			Алибек жоме масжиди	
w1464030091	41.944876	59.861226	Ýyldyz Metjit					
w1464030092	41.928278	59.931831	Sadylla Rozmetow Merkez Metjidi					
w1464030106	41.920292	59.915672						
w1464067820	37.690448	62.004821						
w1466678831	40.212832	72.682140						
w1466697078	40.186051	71.785568						
w1467500190	40.290849	71.273223						
w1467641976	40.164609	71.312392						
w1469526133	40.221601	71.637829						
w1469526157	40.215062	71.631253						
w1469534199	40.219861	71.647321						
w147068420	41.481834	69.590772	Chirchiq shahar markaziy jome' masjidi	Центральная мечеть города Чирчик	Chirchik city central mosque			
w1472881810	40.405555	71.241827	Дахма					
w1476533766	38.415818	67.916864						Oxunboboyev ko'chasi, 3
w147916833	37.895035	58.544673						
w1481271540	40.405218	71.422062	Sertutota jome' masjidi					
w148704421	39.766587	64.444836	Shayx-ul Islom Sayfiddin Boxarziy jom`e masjidi	Соборная мечеть Шэйх-ул Ислам Сайфиддин Бохарзий	Cathedral Mosque Sheikh-ul Islam Sayfiddin Boharziy			Sharq ko'chasi, 2
w148845610	39.768750	64.399974	Xalifa Xudoydod jom`e masjidi	Соборная мечеть Халифа Худойдод	Khalifa Hudoidod Cathedral Mosque			Бухоро шаҳар Халифа Худойдод кўчаси 1
w1488536216	37.791210	61.693525						
w1491619309	45.209758	67.535152						
w1491698216	42.937383	72.758895	Аль-Хакк	Аль-Хакк				
w1491725628	43.515438	67.547354	Ақтас мешіті	Мечеть Актас				
w1491725629	43.151490	67.817121	Мечеть Икрама	Мечеть Икрама				
w1491725630	42.855674	68.268366			White mosque with gold dome			
w1491725631	42.868430	68.689938			Mosque with blue domes			
w1495432579	40.833348	68.665847	Yangi Hayot jom`e masjidi	Соборная мечеть ЯНГИ ХАЁТ				Сирдарё шаҳри, Ёшлик МФЙ, Фирдавсий кўч. 23
w149766451	41.305678	69.230079	Kamolon	Камалан	Kamalan			
w1497862744	39.607171	66.294419	jom'e masjid	соборная мечеть				Нуробод шаҳри Ўзбекистон кўчаси
w1500054259	38.266182	60.906292	Muhammet Mansur Şyh zyýarathanasy					
w150011175	39.752040	64.429612	Piri-dastgir jom`e masjidi	Соборная мечеть Пири-дастгир	Cathedral mosque Piri dastgir			
w1500324447	38.267264	60.909476						
w150062038	39.779330	64.438072	Fayziobod jom`e masjidi	Соборная мечеть Файзабад	Cathedral mosque Faizabad	Fayziobod jom`e masjidi		Fayzobod ko'chasi, 12
w150076607	39.772638	64.415961	Xo'ja Kalon masjidi	Ходжа Калон	Khoja Kalon mosque			
w1501404288	41.193298	72.179897						Ленин көч, 1к
w1501459259	41.197518	72.176740	Центральный мечеть					Чыңгыз Айтматов көчөсү, 8/3
w150236513	41.467807	69.212742						улица Байтерек, 42
w1503797123	37.601242	62.306043	Rafsanjani oba Metjidi					
w150445986	41.369083	69.242970						
w1506793662	40.378199	71.855988	Qo'chqor ota jome' masjidi					
w1509716756	40.808322	72.371379	Qilich Burxoniddin jome' masjidi	Килич Бурхониддин				
w1509798698	42.441507	68.852674	Хазрат Абу Бакр Ас-Сыдык					Арыс
w1510205940	40.775803	72.363463	Oq go'r jome' masjidi	Мечеть Ок гур				N.Xakimov koʻchasi, 37
w151215061	41.345499	69.258192	Iskandarxo`ja masjd	Искандарходжа мечеть				Ahmad Donish ko'chasi
w1513934815	40.358750	71.802530						
w1516213098	40.799153	72.384204	Usmoni Zinnurayn jome' masjidi	Усмони Зиннурайн				
w1516912113	40.734879	72.372857	Ko'kto'nliota	Кўк тўнли ота				
w1517845077	40.980975	71.514054						
w1518981865	41.256549	71.552012	Korxona jome' masjidi	Корхона Жоме Масжид				
w1519598162	41.225970	71.535740						
w1520882781	41.082728	72.002747						
w1521262817	41.016771	71.717140	Yoqubboy xoji jome' masjidi					Qizilravot ko'chasi, 25
w1521413268	40.746529	72.366271	At-Termiziy jome' masjidi	Ат-Термизий				Navbaxor ko'chasi, 15
w1523955173	40.395201	71.794482	Yangi chek jome' masjidi					Gijduvoniy koʻchasi, 138
w1525556663	43.304929	68.198459						Туркестан
w1526200417	38.563609	68.759755	Масджид	Мечеть				кӯчаи Раҳимӣ
w152768753	41.296772	69.364001	Abu Ali ibn Tolib	Али ибн Абу Талиб	Abu Ali ibn Tolib			
w152789954	41.318280	69.238298	Kok	Кок	Kok			Ko'k masjid ko'chasi, 1
w1528917694	38.127781	64.793441	Idris baba medrese		Idris-baba Madrasa			
w1529568474	40.482280	71.720087	Furqon jome' masjidi					Jo‘raxon Sultonov ko‘chasi, 230
w1530051088	40.466901	71.715341	Xudoyor xoji jome' masjidi					Eshonguzar ko'chasi, 34
w1531102463	38.088907	58.020048						
w1531671130	40.979272	71.700017						
w1534199623	38.917290	65.413422						
w1534199624	38.917456	65.413466	"Мулла Нур" жомеъ масжиди					
w1535813578	40.512192	72.784565	Мамахан уулу Набижан ажы					Уста Абдухалил улица, 40
w1537187401	41.273904	71.598435	Qorasuv jome' masjidi					
w1538965153	40.525011	72.779556	Фирдаус Ибадий					Розияхон Моминова көчөсү, 136
w1539055972	43.284536	68.204414						Туркестан
w1539669244	38.226330	56.964457	Хазрет Шейх Аттар Метжиди					
w1539669255	39.380150	63.069554	Seyit Ata metjidi					
w1542852487	40.540834	72.778868						
w1545311153	40.522250	72.784927	Ача-Мазар					Инама Саидова көчөсү, 123
w1545311154	40.517489	72.789062	Жылгаз-Бак					Тимирязева улица, 20
w1545311155	40.517682	72.795503	Имам Мухаммадий					Курчатова переулок, 36/1
w1545311156	40.513824	72.791702	Мечеть имени Калан Каары					Ферганский переулок, 7
w1545311157	40.512064	72.796989	Осмон Ата					Токтобай Атабаев көчөсү, 148б
w1545311159	40.506185	72.808432	Имам Муслим					Жунусова улица, 49
w1545311160	40.509113	72.814797	Мечеть имени Калык уулу Абсаттара					Панфилова улица, 37/1
w1545311161	40.507081	72.823444	Хидаят Нур					Ташкентская улица, 60
w1545311164	40.500176	72.828573	Мечеть им. Омаджан уулу Бахтияржана					Мирсаатова улица, 4
w1545311165	40.496544	72.834613	Ат-Термизий					Айни улица, 3а
w1545311166	40.498352	72.818934	Усман Бин Афван					Алымбек Датка улица, 22
w1545311167	40.487640	72.822366	Ак Суу бою Толойкон Ак Буура					Мамытова улица, 17а/1
w1545623179	40.501673	72.785242						Калбаева Акбуура көчөсү, 37
w1545623185	40.504605	72.788730	Имам Азам					Достук көчөсү, 52а
w1546203369	40.616459	72.767236	Имам Аль-Бухорий					Аскарова Умаржон көчөсү, 30
w1546203380	40.603570	72.774411						
w1546203381	40.586136	72.774915	Нурдар					Хайдарова улица, 31а
w1546203387	40.599370	72.795423	Абу-Бакр					Алимова улица, 13
w1546203388	40.590916	72.808577						Жаштар көчөсү, 72
w1546203389	40.589589	72.819170	Мечеть имени Имам Ат-Термизия					Нариман көчөсү, 37б
w1546203390	40.581545	72.812701	Мечеть им. Саид ибн Абу Ваккас					Мумина Палвана көчөсү, 52
w1547597392	40.521707	72.817186	Зайнул-Абидин					Абдуллаева улица, 46
w1550043383	37.478125	60.376173						
w1551191888	39.138831	63.644174	Pazyl Işan baba metjidi					
w1555328976	38.137057	56.037922	Gyzylymam metjidi					
w1558905732	41.198589	72.172128	Микрорайон мечеть					Микрорайон, 9/4
w1558905746	41.203921	72.179871	Поселка мечеть					Ленин көчөсү, 50
w1558938527	41.183411	72.181580	мечеть					Рыскулов көчөсү, 21/1
w1558967511	41.191586	72.172900	Ыхлас мечит	Ихлас мечеть				Набережная көчөсү, 50
w1559199025	41.165263	72.180469						Келечек 1-көчөсү, 40
w1560192769	38.104242	69.354556						
w1560192770	38.126507	69.343318	Мақбараи Ҳазрати Мавлоно Обиддин		Mavlono Obiddin Mausoleum			
w1560192771	38.135234	69.344088	Мақбараи Мавлоно Тоҷуддин		Mavlono Tojiddin Mausoleum			
w1560601642	38.490774	57.304186						
w1560895113	40.914285	68.704613	Yangi Chinoz jome' masjidi					
w1561070487	41.118279	69.055000	Yangiyo'l shahar jome’ masjidi					
w1561087250	41.171094	72.187870						1-чи Кулатов көчөсү, 1а
w157362002	41.241579	69.249438	Nurul Islom jome’ masjidi					
w157364047	41.222594	69.270351						
w163272972	39.777747	64.407378	Boloi Havz jom`e masjidi	Соборная мечеть Болои Хавз	Boloi Havz Mosque			Бухоро шаҳар Карим кўчаси 2
w164787524	41.238477	69.292877	Ittifoq jome’ masjidi					Истиқлол мфй
w165527475	41.718697	60.994020						
w165720917	39.775407	64.425544	Xo'ja Tabband jom`e masjidi	Соборная мечеть Ходжа Таббанд	Khoja Tabband Mosque			Chor Minor ko'chasi, 3
w167429958	40.585639	72.781148	Мечеть им. Абу Ханифа					Юлдашева улица, 53
w167472741	40.596933	72.791595	Абдулла ибн Умар					Миралимжана Маматова көчөсү, 1/2
w168425802	40.504146	72.825038	Амирхан					улица Абакир уулу Торобека, 37а
w168604540	40.535573	72.786947						
w170123882	40.223116	69.235773	Islomobod jome’ masjidi					Istiqlol ko'chasi, 27
w171374621	39.049614	66.827210	Ko'k gumbaz masjidi	Мечеть Кук-Гумбаз	Kuk Gumbaz Mosque			Шахрисабз
w171849776	41.237043	69.188186	Choshtepa jom`e masjidi	Соборная мечеть Чаштепа	Chashtepa			Chorbog' 2-o'tish ko'chasi, 14/1
w172489656	40.534713	70.955498	Degrezlik jome' masjidi					Toshkent ko'chasi, 8a
w172594828	41.412186	71.487136	Центральная мечеть					
w172613228	39.761717	64.412021	Namozgoh					
w173064093	41.275035	69.169109	Abdulloh ibn Mas`ud jome` masjidi	Абдуллах ибн Масуд	Abd Allah ibn Mas'ud			
w173484468	40.527430	72.785618	Сулайман-Тоо мечити	Мечеть "Сулайман-Тоо"				
w173753887	41.317306	69.232366						Qoratosh ko'chasi, 3
w173906079	39.838487	69.527758						
w174371795	43.590590	69.338799						
w174494763	42.607763	71.199803	Борбордук Мечит					
w174718685	40.532635	70.949223	Jome madrasasi	Джами медресе	Juma Mosque			Hamza ko'chasi, 3
w174718690	40.538668	70.952405	Madrasai Mir jome' masjidi	Норбутая мечеть				
w174757178	45.644079	63.320470	Жаримбет ата					
w174942890	41.240457	69.171606	Bo'ta-buva jome masjidi	Бута-бува	Buta-Buva			4/1
w175049413	39.841257	69.545431						
w175050180	39.841245	69.545045						
w175308882	41.312349	69.230093	Eshonguzar masjidi	Эшангузар	Eshanguzar			
w177478676	39.641534	66.991793	Xo'ja Abdu Darun masjidi	Ходжа Абди-Дарун	Khodja Abdu-Darun Mosque			
w178119051	38.544305	68.795015						
w178292618	41.284221	69.327426	Ахмад Яссавий жоме масжиди	Мечеть Ахмада Яссавий			Ахмад Яссавий жоме масжиди	
w179015003	40.933302	72.961190	Закиржан ата					Манас проспект
w179075923	40.939526	72.965141						
w180355155	39.740263	64.437144	UMAR IBN HATTOB jom`e masjidi	Соборная мечеть УМАР ИБН ХАТТАБ	Cathedral mosque UMAR IBN KHATTAB			
w181712012	40.631627	71.081546	Solmoni Forsiy jome' masjidi					Buvayda
w182492023	40.261143	72.116240						
w184392678	40.816835	69.200762	O‘rtaqo‘rg‘on jome’ masjidi	Уртакурган	Urtakurgan			
w185037012	41.376005	60.359708	Bog'bonli masjid	Багбонли мечеть	Bagbanli Mosque			
w185051424	41.377515	60.359943	Juma masjid	Пятничная мечеть (Джума мечеть)	Friday Mosque (Juma Mosque)			
w185066832	41.377218	60.358113	Said Ota masjidi	Мечеть Яр Мухамад Девон (Саид Ата)	Said Ata Mosque			
w185229398	41.376986	60.359099	Yar Muhammad Devon masjidi		Yar Mohammed Divan (Sayid Ata) Mosque			
w185230691	41.377332	60.361584	Oq masjid	Ак мечеть	Ak Mosque			
w185400464	40.937046	72.993546	Имам Аль Бухарий мечит					
w185633742	41.309952	69.199799	Мечеть	Ислом нури	islom nuri			Kizil G'uncha 4-o'tish ko'chasi
w186477035	41.492360	60.580385						
w186477038	41.492949	60.579520						
w186989787	41.528167	60.547467						
w186998011	41.555579	60.592396	Hazrati Shahobiddin bobo jom`e masjidi					
w186998012	41.541635	60.586784						
w187009170	41.449690	69.534158	Amir o‘g‘li Xasanboy jome’ masjidi	Амир угли Хасанбай	Amir ugli Khasanbay			
w187027296	41.618613	60.626781						
w187614544	41.688107	60.736388	Shayx Abbas vali meshiti	Мечеть Шайх Аббас валий				Shayx Abbaz Vali ko'shesi, 9
w187620193	41.694909	60.734636	Kechirmas bobo	Кечирмас бобо				
w187844681	41.195832	69.157984	Мавзолей Анбар Биби					
w188183579	41.378311	69.160172	Mirxalil hoji ota jome' masjidi					
w189733799	41.379279	69.219153	Абу Бакр Каффол Шоший	Абу Бакр Каффол Шоший	Abu Bakr Kaffol Shoshiy	Abu Bakir Qafol shoshe		
w189784434	38.540196	68.795816	Мечеть посёлка Правды					
w190376949	41.327723	69.351476	Олтин тепа Масжиди	Мечеть Алтын тепа	Altyn tepa	Олтин тепа Масжиди		
w190376950	41.349828	69.376257	To‘ra buva	Тура бува	Tura buva			Buyuk Ipak Yo'li ko'chasi
w190376951	41.327374	69.351833						
w190873619	41.468528	69.374854						
w191044371	41.424165	69.349600						
w191079366	40.925155	72.969527	Аль Мубин					
w191235776	40.371967	70.816096	Oq tepa jome' masjidi					Alisher Navoiy koʻchasi, 59
w191244684	40.848304	71.464697	Shoxi Jalil jome' masjidi					
w191263176	41.873161	72.945551						
w191536786	41.251161	72.459842						
w193109436	41.635104	72.662963	Мечеть Халиф Салим Али					Серого
w193256050	41.637490	72.700391	Центральная					улица Бекташ
w193282017	40.489480	72.830580	Эрдем	Эрдем				Насирдина Исанова улица, 79
w193314643	41.468094	69.149094	Кызыл ту					улица Ы.Алтынсарина, 2
w193372552	41.452365	69.181383						улица Исмаилова, 154
w193641247	41.713983	69.013182	Жылга мешити					
w193666465	38.017871	58.252794	Türkmenbaşy Ruhy Metjidi	Мечеть Туркменбаши Рухы	Turkmenbashy Mosque			Gurban Soltan Eje (2043)
w194463428	40.921734	71.589344	Al-masjidun Nabaviy jome' masjidi					
w194942186	40.509674	72.502737						
w195692621	41.456016	69.157208						
w196076100	41.578729	64.208635	ZARAFSHON jom`e masjidi	Соборная мечеть ЗЕРАФШАН	Cathedral mosque ZERAFSHAN			Зарафшон ш. А.Темур проспекти 1
w198506285	39.785237	64.411981	Abu Hafs Kabir jome' masjid	Соборная мечеть Абу Хафси Кабира	Cathedral Mosque of Abu Khafsi Kabir	Abu Hafs Kabir jome' masjid		Бухоро шаҳар Афросиёб кўчаси 195
w200134501	41.334419	69.450475						
w200905134	41.448359	69.163172						Исмаилова, 24
w200957689	41.409479	69.308234	Sa’dulla ota jome’ masjidi					
w201091560	41.305185	69.403245	Abdurahmon ibn Avf jome’ masjidi					
w201526473	41.331462	69.418841	To‘qay tepa jome’ masjidi					
w202231868	38.513608	68.752108	Масчиди ба номи имоми Аъзам					
w202878225	39.773686	64.423031	Oybinok jom`e masjidi	Соборная мечеть ОЙБИНОК	Oybinok Mosque			Бухоро шаҳри Хўжа Порсо кўчаси
w204105306	41.212872	69.378622						
w204515268	42.899935	71.353307	Һибатулла ат-Тарази		Hubatulla mosque			улица Толе Би, 89
w205782310	40.136198	71.723923						
w206718020	40.440582	71.753747	Muhamad Avliyo jome' masjidi					Qirlola koʻchasi, 2
w207299213	40.991050	69.202900	Xazrat Nazarali bobo jome’ masjidi					
w207933191	40.133423	65.367576	QOSIM SHAYX jom`e masjidi	Соборная мечеть КАСИМ ШЕЙХ	Cathedral mosque KHOSIM SHEIKH			Кармана туман. Кармана кўчаси-40
w208231705	40.088807	65.387631	HAZRATI ALISHER NAVOIY jom`e masjidi	Соборная мечеть ХАЗРАТИ АЛИШЕР НАВОИ	Cathedral mosque KHAZRAT ALISHER NAVOI			G'alaba shoh ko'chasi, 73
w211026834	41.224483	69.065198	Botir jome’ masjidi					
w211098189	39.650002	66.968016	Ruhobod jom`e masjidi	Соборная мечеть РУХАБАД	Rukhabad Mosque			Ruhobod ko'chasi
w211869636	42.878069	71.419310	Тектұрмас мешіті					Тараз
w211918416	40.267444	72.618779	Абдулазизхон турам					
w216957888	40.034907	64.839629	Qal'ayi Azizon jom`e masjidi	Соборная мечеть КАЛАИ АЗИЗОН	Kalai Azizon Mosque			Кизелтепа ш. Бахор куч. 6
w217313493	40.538178	72.846191						
w218433203	39.498284	67.616023	Центральная мечеть им. "Олими Додхо"					
w218447367	42.159551	63.569822	QIZILQUM jom`e masjidi	Соборная мечеть КИЗИЛКУМ	Cathedral mosqueKHIZILKUM			Учкудук ш.А.Темур кучаси 22
w218881771	41.179711	72.178158						Шутов көчөсү, 35
w220693953	41.566527	69.720681	Imomi A’zam jome’ masjidi	Мечеть "Имом Аъзам"				
w221101479	41.281937	69.364689	Go‘zal jome’ masjidi	Гузаль				50
w222137729	41.035702	72.470034						
w223238794	41.065895	72.641327						
w228005374	39.920643	65.924236	Naqshbandiy Jom'e masjidi					
w228035409	39.050401	63.590632	Abu-Ýusup Metjidi	Абу-Юсуф мечеть	Abu Yusup Mosque			Bitarap Turkmenistan şayoly
w228581083	40.013689	66.549817	Polvon Ota jom'e masjidi					
w228581086	40.014119	66.549759	Polvon Ota maqbarasi					
w228690079	40.857544	69.611320	Ramazoni Sharif jom`e masjidi	Соборная мечеть Рамазони Шариф		Ramazoni Sharif jom`e masjidi		
w228873152	39.907411	66.252485						анор улица, 4
w233473102	41.158781	69.557995						
w233513116	45.609768	63.274778	Мечеть					
w234152623	42.398104	72.998673						
w234223097	42.066167	72.813198	Намазкана					
w234233811	41.935186	72.884116	Намазкана					
w234238527	41.912265	72.903061						
w234337398	41.866282	72.992410						
w234432943	39.919563	66.851885						
w234780776	39.709169	66.652431	Nuril Islom jom'e masjidi	Нурил Ислом				
w234808875	42.523994	72.246629						
w235414010	42.566442	71.892421						
w238274453	41.108398	69.685820						
w238274459	41.108096	69.684396						
w238524012	43.311639	68.244249	Асанбай ата					улица Тауелсиздиктин 10 жылдыгы
w238735766	43.290433	68.275230	Кумшык ата	Кумшык ата				улица Тоган
w239032205	40.997860	69.530021	Shodmalik Ota ziyoratgohi	Шадмалик Ата	Shadmalik Ata			
w239720154	41.183500	69.700328						
w240484146	43.311654	68.244136						Туркестан
w241983501	39.909952	69.003595						
w243571770	41.380495	69.291713	Kulol qo'rg'on masjid	Кулол кургон мечеть				Кулолкургон 5-й проезд, 4/1
w249669511	38.574981	68.332980	Масчиди Нохияи Шахринав					
w250935195	43.758744	66.913135	Корасан					
w250935199	43.760166	67.070924						
w252078611	40.921649	72.961570	Соолихин мечит					Курманбек Баатыр көчөсү
w252117244	40.607027	72.786403	Абу Бакир Сыдык					
w252925914	37.589234	61.852682	Gurbanguly Hajy Metjidi		Gurbanguly Hajy Mosque			Gowşut Han köçesi
w254608231	38.597115	68.758457	Масчиди Навобод					
w255706695	41.331102	69.241896	Eshonguzar Mosque	Эшангузар мечеть		Eshonguzar Mosque		
w260123928	40.501711	72.834868	мечеть им. "БАДР"					
w262201514	39.022005	63.569312	Hoca Meshet					
w262223531	39.020668	63.519285						
w263306907	40.379973	69.248039	Amir Xamza jome’ masjidi					
w263341191	40.843972	68.493526	Ибраева Канаевский					
w267937344	40.307917	72.685792	Жарим топ		Jarim top mechiti			
w268233116	40.303651	72.696017	Bargy mechiti	центральная мечеть				
w268284136	40.312987	72.672277	Жатан					
w270860966	40.963686	67.290983						
w272799756	37.469985	57.347604	مسجد					
w276161385	44.786684	65.526826	Акмешит-Сырдарья мечеть					Султана Бейбарыса улица, 14
w276758211	40.092191	70.811886	мечеть					
w276926532	41.558641	60.623127	Дошкинжонбобо зиёратгохи	Дошкинжонбобо мавзолей				43A
w279933134	40.723222	73.227668	Элдик Мечит					
w279933135	40.725978	73.218095	эски мечит					
w280294672	37.955929	58.324845	Şehitler metjidi					Görogly (2009) köçesi
w281269543	41.451970	71.571738						
w286301220	40.216330	72.652882	mechit					
w287282944	39.932725	69.612916						Макеевка
w288805595	40.278912	69.630659	Масчиди Шейха Муслихиддина	Мечеть им. Шейха Муслихиддина				Худжанд
w289881055	40.736773	69.241939	Valug‘und jome’ masjidi					
w295992211	42.601099	69.255856	Бегалы ата					
w296485271	42.357247	69.598521	Халифа Омар					Улица Жабай ата, 44/1
w299229126	37.131081	59.499128	حسینیه شهدا		Hosseinieh shohada			
w299864703	39.695459	65.793048	Arab Ata Mausoleum					
w299864704	39.694456	65.790784	Oq masjid		Ak Mosque			
w299864708	39.694474	65.790785	Oq masjid		Ak Mosque			
w299867380	40.155175	65.010850	MAVLONO ORIF DEGARRONIY jom`e masjidi	Соборная мечеть МАВЛАНА ОРИФ ДЕГАРРОНИ	Cathedral mosque MAVLANA ORIF DEGARRONI			
w301150427	40.292923	64.969267						
w301324261	37.659040	62.153217	Kyz Bibi					
w301328690	37.666153	62.145727	Mohammed ibn Zayd Mausoleum					
w301328696	37.678670	62.170637	Hoja Ýusup Hemedany Metjidi					
w301328697	37.679365	62.170282	Hoja Ýusup Hemedany gubury					
w301782668	37.148375	60.026599	Malik Ajdar Palwan Tomb					
w301782669	37.148544	60.026542	Malik Ajdar Palwan Tomb					
w301782690	37.662734	62.191482	Beni Makhan Mosque					
w301782700	37.653292	62.171543	Askhab Mausoleum					
w301785221	38.172090	57.967087						
w305513684	40.333044	69.280253	Xazrati Mulla jome’ masjidi					
w305934917	40.426623	69.308635						
w306085533	40.222186	69.272871	Oq jom’e’masjidi	Ок Масжид				Muqimiy ko'chasi, 22
w306640918	40.495262	71.183265	Oqil Mingboshi jome' masjidi	Окил мингбоши				
w306969785	40.696317	72.614923	Shaxidi-Aʼlo jome' masjidi	Шахиди аъло				Т.Тошматов улица, 11
w307201710	40.213860	69.518753						
w309097659	37.656158	62.158001						
w309182148	37.662985	62.154037	Akhmed Zamchi mausoleum complex					
w309182149	37.663178	62.153621	Akhmed Zamchi mausoleum complex					
w309182159	37.681519	62.169932						
w309354333	41.002846	71.513320	Usmoni Zunnurayn jome' masjidi					
w309871432	40.122526	67.835434	Imom Buxoriy jome masjidi	мечеть им. Имама Бухарий				Gavxar ko'chasi
w310055448	40.103679	67.858938						
w310474363	40.019788	64.517712	Vobkkent minorasi	Минарет Вабкента	Vabkent minaret			
w310475728	37.652093	62.171844						
w312019750	40.099536	67.848292	Jome masjid	Жоме масжид				Qadriyat ko'chasi
w313055646	41.013024	73.087826						
w313055709	41.015022	73.092083						
w314384593	40.175737	67.821960	Yakka tut jom'e masjid	соборная мечеть				Ш.Рашидов тумани, Қатортол маҳалласи
w314808827	40.348596	69.201638						
w315730562	40.166300	67.807111	Imon Azam jom'e masjid	соборная мечеть				Ш.Рашидов тумани, Паҳтаобод мфй Яхтаклик маҳаллси
w316215357	40.016649	73.498646						
w319346049	38.557601	68.869793						
w321238671	40.309086	73.442431	Марифхан Уулу Жолборсхан Төрө Ажы Атындагы Борбордук "Алай-Гүлчө" Мечити					
w324950015	40.307432	69.304377						
w327393099	42.322683	59.142059	Nejmeddin Kubra Metjidi	Мечеть Неджмеддина Кубры	Nejmeddin Kubra Mosque			Berkarar köçesi
w327393114	42.309787	59.139214	Seyit Ahmet Mausoleum	Мавзолей Сейд Ахмеда	Seyit Ahmet Mausoleum			
w329993234	40.257322	69.217548						
w331374867	40.451881	62.181912	Abu Muslim Metjidi					
w331671388	41.361627	69.384703						Choldaraxt ko'chasi, 1
w331671454	41.357280	69.394423						Buyuk Ipak Yo'li ko'chasi, 499
w333527259	38.579851	68.735130	МАСҶИДИ 101	Мечеть				кӯчаи Ҳисор, 31
w334118634	38.545886	69.017667						хиёбони Рӯдакӣ
w33427229	41.293960	69.226893	Novza	Новза	Novza			13А
w334304841	39.710964	64.096013	Navrabot jom`e masjidi	Соборная мечеть Наврабат	Cathedral Mosque of Navabat			
w334650186	41.269499	61.186212						
w334864081	43.324757	68.314506	Көк Мешіт	Кок Мешит				улица Озбекали Жанибекова
w335881922	37.825512	68.775032						
w336023631	37.828425	68.787195	Мечеть Ургут махалля					
w336363308	37.841094	68.785324	Масчиди Гоголь	Мечеть улицы Гоголя				Н.Ҳувайдуллоев
w336978904	37.835269	68.767173						
w337206655	40.377021	70.795459	Fajrul Islom jome' masjidi	Мечеть				
w337729783	37.843734	68.763700	Мечеть 14 микр					
w344418040	40.731574	72.956103	мечеть села Кыдырша					
w345415966	40.487034	71.766106	Imom Burhoniddin Margʻiloniy jome' masjidi					
w346023736	37.109265	70.561600	مسجد سلمان فارس					
w346023849	37.115951	70.567194						
w350178690	38.374524	68.003613	Abdurahmon Jomiy jome' masjidi	Соборная мечеть Абдуракхман Джами	Cathedral Mosque Abdurrahman Jami			Оқтумшуқ махалласи
w350802920	42.439891	70.475240						
w351273147	37.265867	67.189196	Hakim At-Termiziy maqbarasi	Мавзолей Хаким Ат-Термизий	Al Hakkim at-Termizi mausoleum			
w351273148	37.247091	67.324222	MANGUZAR jom'e masjidi	Соборная мечеть МАНГУЗАР	Cathedral mosque MANGUZAR			
w352546420	37.329191	57.771654	معصوم زاده قاسم‌ الحسینی(ع)					روستای خادمی
w358458114	42.609392	71.583439	Центральный мечеть					Айтматов Ч. улица
w359412510	42.528194	72.120499	Кең-Арал мечити					
w360946799	41.020077	68.944355	Eski Toshkent jome’ masjidi					
w361903789	43.863099	68.751730	Жыныс-ата					
w362273843	40.302217	72.286476						
w362273845	40.258775	72.589841						
w362276798	40.241265	72.047313						
w362281318	39.962264	71.763924						
w362646096	41.361546	69.274414	Abdubakir Siddiq					
w364671435	41.729349	59.722051						
w365512360	41.564330	60.094118						
w367758205	42.468997	59.596344	Imam Iyshan Muhammed meshiti	Мечеть Имам Ишан Мухаммед	Mosque of Imam Ishan Muhammad			Xojeli gúzarı, 1/1
w368912093	42.341560	69.592965	Мечеть					улица Казиева
w369005682	37.478851	57.316437	مصلی بجنورد					
w369426359	37.394505	57.934744	مصلی شیروان					
w369726165	45.603518	63.934815	Коркыт-Ата					
w370811416	42.598218	69.263225	Мешіт					
w371527545	40.530515	72.790426	Babur's House					
w371691989	42.339484	69.583007	Мечеть имени Д.Конаева					улица Адильбек Керимше, 70
w371889452	38.053388	58.189481						
w373749656	37.966249	58.335357						
w375499296	40.062292	71.686459						Osh - Isfana( улица А. Орозбекова)
w375544718	40.879394	73.041275	Шакир ата					Джалал-Абад
w375547643	40.871403	73.042263	садан ата					таштак
w376151404	37.717575	57.934477	مسجد جامع					
w376488734	41.533680	69.651195	Xamza jome’ masjidi					
w378344208	37.194287	69.903560						
w383257328	37.918958	58.431348	Hezreti Osman Metjit					Atamyrat Nyýazow (2038) şaýoly
w384168570	41.002099	71.232036	Mavlono Lutfullox jome' masjidi					Chust
w385097796	40.264489	69.792506						
w386367217	42.322254	69.548393						улица Гагарина, 163/1
w387466101	41.266482	69.228385	Yakkasaroy jom'e masjidi	Яккасарай	Yakkasaray			Yakkasaroy ko'chasi, 5
w387466102	41.291678	69.230978	Sobitxon Xoji jome masjidi	Сабитхан Ходжи	Sabitkhan Hoji			Chilonzor 1-o'tish ko'chasi, 19
w388113874	40.222860	69.688536						кучаи Олега Кошевого, 47А
w388393455	37.071921	57.517815	مسجد امام رضا					
w390559605	40.170213	67.863422	Qo'shbarmoq masjidi	Кушбармок мечеть				Kaxramon ko'chasi
w390882916	41.350436	69.167147	мечеть Чимраата	мечеть Чимраата				
w392397465	41.333987	69.154196		Мечеть				
w392774504	38.717121	70.649803						
w393926779	41.312910	69.142337						
w393967993	38.534931	68.750891						
w393970144	38.538404	68.754717	Масчиди панчвакта (Якум-Советский)					кӯчаи Борбад
w393992536	41.303508	69.170500						
w394001455	41.319249	69.165468	Mahkamboy Hoji ota jome masjidi	Махкамбай ходжи ота				
w394541601	41.364931	69.217738	Said Ota	Саид Ата	Said Ata			Maxamat Urozboeva, 2a/3
w398989217	39.774489	64.416835	Bozori kordi masjidi	Мечеть Бозори Корд	Bozori Kord Mosque			
w398989243	39.778288	64.409954	Jome masjid	Жоме масжид				Buxoro
w401430253	42.612578	71.570177	Фирдаус					
w401430707	42.613132	71.594275	Умар					Керимбеков Макулбек улица
w401436381	42.621226	71.597839	Хидаят					
w404225401	37.947960	58.408681	Azady Metjit		Azady Mosque			Zarpçi köçesi
w404247067	41.003476	71.084818	Ibroxim Xalilullox jome' masjidi					
w405107423	39.050104	66.829773	Hazrati Imom masjidi	Мечеть Хизрати Имом	Hazrati Imam Mosque			
w405107439	39.049453	66.825757	jom'e masjid	соборная мечеть				Шаҳрисабз тумани, Кулоллик МФЙ, Кулоллик кўчаси, 157
w405590514	41.250192	69.156735	Eshonguzar jome' masjidi	Соборная мечеть Эшангузар	Eshanguzar			Ахунбабаева улица
w406123677	41.392243	69.208553	Xasanboy ota jome’ masjidi					
w406441596	40.762951	72.336153	Jiddai Muborak jome' masjidi	Мечеть Джидда муборак				Tinchlik ko'chasi, 35
w409018638	37.102921	70.547940	مسجد عبدالله ابن زبیر					
w409019288	37.104392	70.550776	مسجد فاطمه الزهرا					
w411390279	39.658877	66.983638	Mubarak Mosque					
w412637132	39.661589	66.979051	Tahoratxona					
w414071054	39.688006	67.033001	Chupan Ata Mausoleum					
w416375673	39.538002	67.404141	Masjid					
w417392502	37.440449	59.105165	مسجد امام حسین (ع)					
w417432068	40.692422	72.918862						
w417608955	40.183558	71.688643						
w418918758	40.514701	72.967620						
w419611067	40.469162	72.847848						
w419613389	40.634056	73.428009						
w419614056	41.265215	71.175355	мечит					
w419615223	40.674115	73.390939						
w423646886	40.270234	72.634048	ЭРКИН КОРИ					
w424760441	42.515551	72.315772						
w424760442	42.514759	72.319584						
w424760443	42.508507	72.366567						
w424866484	42.500942	72.427371						
w425285306	42.530637	72.375946						
w425343119	42.484715	72.485910						
w425390709	42.484671	72.525993						Кутманалиева Сыйырбека улица
w425693778	42.472514	72.613916						
w425693779	42.465705	72.652504						
w425887107	42.455585	72.712727						
w427733370	40.567082	72.766273						
w427934627	38.662083	69.524461	Масҷиди ҷомеи марказии ноҳияи Файзобод					
w428138442	41.695591	72.929091						
w428138444	41.659345	72.816957	Намазкана					
w430281243	41.560932	72.173100						
w430281244	41.515956	72.201115						
w430368945	41.586955	72.120982						
w430387915	41.639696	72.061586						
w430387916	41.669948	72.050681						
w430396614	41.664633	72.046436						
w430462624	41.717045	71.975921						
w430474544	41.808585	71.958067						
w430474545	41.678043	72.024777						
w431114440	41.045209	72.559171						
w431385216	38.473339	57.039237						
w432826899	42.308962	69.601416	Ордабасы мешіті	Мечеть Орадабасы				улица Толе Би, 12/2
w434998211	42.299727	69.756180	Жұма мешіті		Friday Mosque			
w435653367	40.861469	72.985096						
w435654099	40.859972	72.992583	Мечеть "Касым Ажы"					
w436087192	37.881818	58.521271						Kopetdag kocesi
w438540648	37.377423	60.513788						Tejen
w439787245	40.713433	72.881826						
w439987016	40.454377	71.709287	Gumbaz jome' masjidi					Gumbaz koʻchasi, 22
w440890754	41.362645	69.224835						Sag'bon 13-o'tish yo'li, 2
w441124358	37.329556	56.025307	مسجد امام رضا ع					
w441886397	40.184035	73.487102						
w442451107	40.758598	73.419145						
w443361965	40.772296	73.305990						
w443737094	40.802275	72.332020	Eski Gumbaz jome' masjidi	Мечеть Гумбаз				Oxunboboyev koʻchasi, 132
w443772334	41.339745	69.291906	jom'e masjid	соборная мечеть				Боғишамол кўчаси 98
w444571224	41.381736	69.315993	Masjidul Xayr	аль-Хайр	al-Khayr			Мирзаобод улица, 74
w445355135	43.506595	68.495953	Центральный мечеть					Кентау
w445355136	43.506313	68.496361						Кентау
w446465642	40.614262	73.215217						
w446645119	40.648989	73.105637	Азатбек-Ажы Мечити					
w446722640	40.703515	72.867403						
w446799041	41.330975	69.334424	Mulla Qosim domla masjidi	Мулла Касым	Mulla Kasym			Буюк Ипак йўли кўчаси, 31
w446868191	40.707734	72.907355						
w446908335	40.637176	72.869916						
w446908337	40.658026	72.851398						
w446908341	40.610047	72.868134						
w446908346	40.623428	72.822902						
w446934618	38.273493	67.893025	IMOM BUXORIY jom`e masjidi	Соборная мечеть ИМАМ БУХАРИ	Cathedral Mosque IMAM BUKHARI			
w447070278	40.717291	72.892290						
w447716335	40.628221	72.782828						
w447716336	40.584979	72.760759	Аль Кадири					
w447861776	40.554364	72.723803						
w448234922	37.263113	67.309398	Sulton-Saodat kompleksi	комплекс Султан-Саодат	Sultan Saodat			
w448325142	40.502807	72.792520	Айша Эне					44-я улица, 1а
w448325314	40.486364	72.792772						
w448436422	39.411049	63.808698	Xalifa jom`e masjidi	Соборная мечеть Халифа	Khalifa Cathedral Mosque			
w448636392	42.925757	71.436003	Бейшен					
w448637732	42.926934	71.436956	Мечеть Бейшен					Тараз
w448907320	40.487903	72.813150	Шафаат Ажы					Пичугина улица, 12
w448915666	40.484402	72.818878	Хувайдо					Бекмуратова улица, 2/1
w448915825	40.478947	72.809227	Мечеть им. Рахматулло Аъла					Ишматова улица, 65б/1
w448942368	40.542688	72.790995						
w448942369	40.548373	72.784173						
w449150250	40.299387	71.976250	Islom jome' masjidi					Alisher Navoiy ko'chasi, 2
w449151719	40.471860	71.724955	Said Ahmad Haji madrasasi					
w449297023	40.476277	71.714146	Robiya xoji ona jome' masjidi					B. Margiloniy ko'chasi, 178a
w449298094	40.482918	71.743466	Чиллахона Бурхониддин Маргилоний					
w449298095	40.482548	71.743868	Мавзолей Пирсиддик					
w449474250	40.482386	71.744287	Kaptarli mozor jome' masjidi					
w450555974	42.913641	71.357049	Мечеть Айсулу Ана					Сулейменова, 53
w450765043	42.912084	71.398075	Әбдіқадыр мешіті					Абая проспект, 5
w450831401	42.607846	71.596520	Абу Бакр					
w450833768	42.606111	71.662084						
w450833770	42.551151	71.647788						
w450833772	42.589711	71.280167						
w450931999	41.063346	73.078762						
w451027681	41.024900	73.058918						
w451482572	40.529527	70.948773	Zinbardor jome' masjidi					Amir Umarxon ko'chasi, 53
w451808369	40.528294	70.927821	Gʻishtlik jome' masjidi					
w451810346	40.546210	70.936124						
w452168942	40.788128	72.340616	Devonaboy jome' masjidi	Мечеть Девонабой Жоъме				Oltinkul ko'chasi, 14
w452271444	40.511843	72.510833						
w452347892	41.005758	71.690205	Otavalixon jome’ masjidi	Отавалихон мечеть				
w452580366	41.011288	71.674822	Mulla Bozor Oxund jome’ masjidi	Мечеть Мулла бозор Охун				Oxunboboyev ko'chasi, 3
w455084055	41.257391	71.540564	Aʼloxon Maxdum jome' masjidi					Kosonsoy
w457119463	39.773665	64.416715	Magʻoki Koʻrpa masjidi	Магоки курпа Мечеть	Magoki Kurpa Mosque			
w457121931	39.775223	64.408504	Куй Ханако мечеть 17в	Куй Ханако мечеть 17в				
w457167559	40.424943	71.955702	Imom Muhammad jome' masjidi					
w457383956	37.463237	57.324336	حسینیه حصاری های مقیم بجنورد					
w457994223	39.775625	64.418302		Хазрат Шайх Мавлоно Шариф мечеть				
w457995701	39.775029	64.417952	Бозори Гул	Бозори Гул				
w458002595	39.774741	64.412027	Xo'ja Zayniddin jom`e masjidi	Соборная мечеть Ходжа Зайнутдин	Khoja Zayniddin Mosque	Xo'ja Zayniddin jom`e masjidi		Бухоро шаҳар М.Саиджон кўчаси 2
w458013938	41.323908	69.358180	Олитин тепа					Avayhon ko'chasi, 54а
w458813678	42.544965	71.954312						
w458813684	42.524466	72.048448						
w458960871	42.512715	71.874087						
w458960885	42.488333	71.933493						
w458960891	42.470282	71.934659						
w458960916	42.464286	71.993697						
w459008987	41.574344	60.614996						
w459008988	41.574287	60.614740	Мечеть					
w459167319	42.553342	71.790504						
w459167320	42.553545	71.790534						
w459216193	38.104429	70.021736	Majid					
w459285700	42.692688	71.810469	Акжолтой Мечити					Бабыр улица
w459285716	42.654121	71.885482						
w459404511	42.900942	71.398818	Мечеть Тоқта бибі					улица Кулжабаева, 9
w459767628	42.830003	71.398370						Тараз
w460376553	42.836508	71.205784						Айша бибі
w461127448	37.198817	55.736003	مسجد جامع روستای حسین آباد کالپوش					
w461548923	43.170320	70.464068						
w461708996	42.871802	73.181086	Мечеть Жаксымбет ата					улица Исмаилова, 179
w463096044	41.469308	69.237681	Сыргелі Орталық Мешыты	Мечеть пос Сыргелы (Чичерина)				
w464037541	41.365494	69.117615	Hamd jome’ masjidi					
w464276744	45.479052	64.091928	Қармақшы Ата Мешіті					улица Кармакши, 1
w465850199	43.428033	70.770684						
w465875358	44.028882	67.022746						
w465882358	45.838281	62.146620	Жанкожа батыр					улица Жанкожа батыра, 89
w465893986	43.915841	67.266612	Мечеть Жанакорган					Хорасан ата проспект, 160в
w465934762	43.790072	67.191294						
w466023666	38.113306	70.032033						
w466042755	38.104313	70.034356						
w466076599	44.192934	66.784190						
w466096785	44.183826	66.731467	Мечить Шанхай					Боранов
w466191909	44.315222	66.475785						
w466198224	44.207012	66.496333						
w466326715	45.857140	62.154036	Мешіт					Әйтеке би кенті
w466396480	42.299073	69.593058						Переулок Дамыл, 2/3
w466427464	41.898964	69.456566						
w466427489	41.876560	69.437750						
w466455067	42.363868	69.431772						
w466823391	41.416667	69.200969	Ko‘k terak jome’ masjidi					
w466841435	41.348235	69.228753	Islomobod	Исламабад	Islamabad			
w467244972	42.556370	70.165955						
w467460838	43.076184	71.456869						
w467466430	43.059533	71.234739						
w467762355	44.291164	73.035661						
w468443675	42.921948	71.346906	Мечеть Кулбай Баба					Сулейменова, 196
w469081675	42.884452	71.378495	Мечеть Бегалы Ата					Фазлаев, 49
w471858599	42.648025	70.975259						
w471952729	42.615089	70.768563						
w472032737	39.088107	63.591646						Şabende köçesi
w472033042	39.035999	63.592570	Metjit	Мечеть				Türkmenabat
w472093556	42.917085	71.393158	Мечеть Асым ата					Капал, 132
w472254376	40.222532	68.835612	eski masjid	Мечеть				
w472351089	42.919294	71.362454	Мечеть Давруш-ата					Кошек Батыра, 188
w472351407	42.915575	71.371453	Мечеть Шакиржан Ата					улица Бейбитшилик, 126
w472372219	42.928484	71.377545	Мечеть Шайх Зуннун					улица Аскарова, 243а
w472893513	40.405471	66.353755	jom'e masjid	соборная мечеть Жуш ота				Қўшработ тумани Жўш МФЙ
w472903185	42.889972	71.400817	Мечеть Хамрақұл ата					Аккозиева, 73Б
w472995033	40.715233	72.391566	Zubayr ibn Avom jome' masjidi	Зубайр Ибн Авом				28-A
w473260709	41.061475	72.745921	мечеть					
w473672594	37.714627	57.954457						
w474136215	42.937163	71.401882	Сары молда мешіті		mosque			улица Пацаева, 17
w474532390	41.286509	69.141281	Abu Hanifa jome masjidi	мечеть Абу Ханифа				
w474532394	41.244720	69.203930	Ma`ruf ota jom`e masjidi	Соборная мечеть Маъруф ота			Маъруф-ота жоме масжиди	Choshtepa 1-o'tish ko'chasi, 3A
w474532398	41.336401	69.116806	Abu Bakr Siddiq jome’ masjidi	мечеть Абу Бакр ас-Сиддик				
w474979126	41.629703	60.075151						
w474997455	43.766586	69.179639	Центральная мечеть села Шолаккорган					Жибек Жолы, 1
w474997456	41.713959	69.013093	Жылга мешити					
w474997461	41.450101	69.149490						
w475007952	41.400838	69.167422						
w475007954	42.196430	70.160114						
w475007956	42.225858	70.167039	Жанша					
w475243546	38.584791	68.714169						кӯчаи Алишери Навоӣ
w475417619	40.103820	67.859031	Мечеть Калия					
w476304439	37.957481	58.344629	Iranian Mosque		Iranian Mosque			Tähran (2070) köçesi
w476492349	42.892476	71.444198	Мешіт Тектұрмас					Байкоразова, 92а
w477118436	42.900185	71.384621	Кеңесхан қажы мешіті					улица Толе Би, 35Б
w477215066	41.289363	69.351109	Al Hudaybiya masjid					
w477680780	38.395274	69.282125	Масҷид					
w477686744	38.400891	69.266367	Масҷид					
w478310789	40.818197	68.684507						Сирдаре, Хакикат
w478772327	40.744096	72.378111	Mirpo'stin ota jome' masjidi	Мирпустин ота				Maybog'cha ko'chasi, 113
w478888189	42.608281	71.223621						
w478888190	42.618317	71.209350						
w478888191	42.608237	71.187232						
w478888192	42.548580	71.155453						
w478888193	42.506837	71.127228						
w478888195	42.535105	71.085886						
w478888196	42.678345	71.209914						
w478888199	42.689595	71.248338						
w478888202	42.677976	71.310474						
w478888205	42.543659	71.349183						
w478888208	42.529602	71.352739						
w478888217	42.496288	71.339807						
w478888218	42.506825	71.331997						
w478902535	42.623164	71.520020						
w478902536	42.634585	71.532399						
w478902537	42.525319	71.555026						
w478902538	42.523655	71.576910						
w478902543	42.597825	71.631867						
w478902544	42.602148	71.711188						
w479996620	38.523028	69.031037	Масчиди Чиртак					
w480183533	37.565546	56.916563	مسجد جامع					
w480616015	37.560464	56.924786	مسجد صاحب زمان					
w480636825	40.112169	67.822721						
w482424152	40.782964	72.368284	Uygʻur jome' masjidi					Bobosadin ko'chasi, 4
w482605380	42.067660	59.941343						Magtymguly köçesi
w482990223	38.581119	68.730628						кӯчаи Фазлиддин Муҳаммадиев
w483018514	38.577830	68.739470	Масҷид	Мечеть	place_of_worship			Душанбе
w483018603	38.581649	68.738287	Масҷид	Мечеть	place_of_worship			
w483684283	40.760656	73.319408	Мечит "Раимбай"					Амир Тимура улица
w483686890	40.763904	73.320323	Мечит "Колмакия"					Победы улица
w483688147	40.759818	73.325185	Мечит "Саидмухаммад"					Истиклол улица
w483695936	40.756669	73.324281	Мечит "Ташлак 2"					
w483697595	40.763681	73.310777	Мечит "Мажрумтал"					
w483701885	40.764313	73.315638	Мечит "Коракия"					Ташкентская улица
w484030642	43.175839	70.477299	Абдибай ата					
w484505510	41.028202	71.851349	Abdullox ibni Umar jome' masjidi					Navoiy koʻchasi
w485696325	42.700869	71.581166						
w486273320	40.790781	72.364743	Taxtako'prik masjid	Тахтакуприк мечеть				
w488853432	38.090861	58.057281						
w488853433	38.101662	58.049675						
w488981325	40.789867	72.347439	Chinor jome' masjidi	Чинор				Gʻayrat koʻchasi, 12
w48996107	37.458607	57.329373	امامزاده عباس بن موسی بن جعفر					
w490351894	38.090752	58.114094						
w490513680	38.172457	58.104004						
w490528784	38.068737	58.180136						Ashgabat
w490533750	40.267877	72.639971	Масжид					
w491709464	40.771463	72.302685	Dalvarzin jome' masjidi	Мечеть Далварзин				
w492922575	42.528379	72.205649						
w493659544	39.062038	65.401473	Jom`e masjid	Соборная мечеть				
w494328139	42.429945	59.474926	Pirim Ishan baba meshiti	Мечеть Пирим ийшан баба				
w494593573	38.587037	68.760518						
w494781923	37.207867	67.282633	Murjbobo jom`e masjidi	Соборная мечеть Мурчбаба				
w495156853	42.427685	59.480830	Qabiljan Baba	Кабылжан Баба				
w496807022	41.376390	60.349447	Мечеть Чилли-Авлия					
w498148447	39.121512	66.877124	Мечеть					
w498975064	39.057509	66.826156	Малик Аштар					
w498975065	39.057551	66.826239						Шахрисабз
w500027806	41.302340	69.110784	Imom A’zam jome’ masjidi					
w500343156	40.294788	69.663087	Соборная мечеть Балодуркун					
w502382314	42.316999	69.637759						Шымкент
w512460161	40.743460	72.358647	Pistamozor jome' masjidi					Bobur shoh ko'chasi, 2
w512939546	41.117892	72.073655	Saidxon eshon jome' masjidi	Саидхон Эшон				Uchqo'rg'on
w513323767	38.022651	58.265539						Nurgeldi Atagullyyew köçesi
w513332907	38.042582	58.228490						Azady köçesi
w513372020	42.330118	59.570920	Sari Iyshan meshiti	Мечеть Сары Ийшан				Taqıyatas
w513653391	38.076759	58.157107	Ymam Agzam Ebu Hanife Mesjidi					Gurbansoltan Eje köçesi
w513756032	39.649040	66.984412	Медресе					
w513935898	40.783736	72.309549	Imomi Azam Raxmatulloxi Alayxi jome' masjidi	Имам Азам мечеть				O'zbekiston ko'chasi, 208
w516508964	41.184586	69.330672	Firdavs jome’ masjidi					
w516520981	41.000375	69.365929	Мечеть Чигирик					
w516541600	40.800398	72.170577	Oltinkoʻl jome' masjidi	Алтынкульская мечеть			Олтинкул	
w517618462	38.977566	56.278251						
w517808166	41.554154	60.608976	Ko'zli ota jom`e masjidi	Соборная мечеть Кузли ота	Cathedral Mosque Kuzli ota			
w518504540	42.682801	59.726740	Xalqabad jome meshiti	Халкабад жоме	Halkabad Jome			
w518899475	40.124973	70.625665						
w518899483	40.128943	70.650529	Abdullo Khan Mosque					
w519018790	40.141993	70.682172	Масчид					
w519018791	40.144197	70.694363	Масчид					
w519347315	40.142733	70.695350						
w519417985	39.908408	68.996207	Масҷиди Кук Гумбаз	Соборная мечеть КУК ГУМБАЗ	Kok Gumbes Mosque	KO'K GUMBAZ jom`e masjidi		Ленинская улица
w519417990	39.907336	68.998271	Масҷиди Хавзи Сангин		Havzi-Sangin Mosque			
w519420778	39.931571	69.000397						
w519530659	37.474771	57.321609	مسجد امام حسن عسکری					
w519983323	40.501123	72.327516	Imom Al- Buxoriy jome' masjidi	Имам ал-Бухорий				42, Ипак йўли кўчаси
w520825067	37.847224	68.831229						
w522488731	39.805445	64.540275						
w523635057	42.632035	58.918975	Shomanay meshiti	Мечеть Шоманай				
w525130871	41.832836	59.985887	Dostluk Metjidi					
w525523726	40.545014	70.963539	Zaynul Obidin jome' masjidi					
w525523735	40.548597	70.971914	Saodat jome' masjidi					Najmiddin Kubro ko'chasi, 1
w525984573	41.350854	69.292293						Чинабад улица, 14
w528401361	38.593937	68.788612						
w528415089	38.594413	68.788790						
w530592894	40.280694	70.568150						
w532178759	40.775667	72.363703	Oq go'r jome' masjidi	Мечеть Ок гур				N.Xakimov koʻchasi, 37
w532348156	37.426317	57.941111						
w532657484	40.909480	72.478690	Eski masjid					
w532657495	40.910974	72.477101	Eski masjid					
w532742674	42.322454	69.545181						Бархатная, 1
w532746590	42.898214	71.390466	Әулие ата мешіті		"Aulie ata" mosque			Адамбаева, 24а
w532833453	40.938871	72.500964	Abu Bakr Siddiq jome' masjidi	Абу Бакр Сиддиқ				Серсув кўчаси
w532994698	37.917888	69.784993	Мақбараи Мир Саид Алии Ҳамадонӣ					
w535057099	38.518442	68.765095						
w535057111	38.516511	68.756348						
w535736318	41.339758	69.292245	Mirzo Yusuf jom`e masjidi	Соборная мечеть Мирза Юсуф	Cathedral Mosque Mirza Yusuf			Bogishamol ko'chasi
w536978687	41.353711	69.319979	Omina masjidi	Мечеть Омина				Ўртасарой кўчаси, 30
w537716405	40.720585	72.758901	Ramazon qori jome' masjidi	Рамазон қори				Ҳидоят улица, 25
w543994830	38.265167	66.794717	OQRABOT OTA jom`e masjidi	Соборная мечеть АКРАБАТАТА	Cathedral mosque Akrabat ata			
w543995578	38.383798	66.469107	Bibiqorasoch jom`e masjidi	Мечеть Бибикарасач				
w546838399	40.987782	71.675651	Maxdum eshon jome’ masjidi					Margʻilon koʻchasi, 83
w550503262	40.891521	69.348321	Piskent jome’ masjidi					
w550888670	37.801187	58.714844	Metjit					Türkmenistan köçesi, 1
w551458282	37.186577	60.007501	Metjit					Duşak
w552883987	38.075902	58.279634						Ýalkym koçesi
w553843674	37.412799	57.916944	مسجد ثارالله					
w554108779	37.417170	57.920454	مسجد قمر بنی هاشم					
w554545854	42.376567	69.720422						Шымкент
w554662194	41.914404	73.263021						
w554728849	37.395826	57.930885	مسجدجامع		Great Mosque			
w554837925	40.624168	72.505510	Qirgʻizboy jome' masjidi	Киргизбой ота				
w556014362	41.329068	69.189515						
w556101508	41.370095	69.221434	Jom'e Masjid					
w556454037	42.354563	69.625402						Улица Ертаргын, 37/1
w557014697	40.371316	71.478265	Muhammad Sobir xoji jome' masjidi					
w557098402	42.298547	69.584005	Мечеть Назармат	Мечеть Назармат				Улица Назармат Ерметова, 2
w558490979	38.117775	57.992143	Muhammet Hanafiyan					NOWATA
w558490990	38.107876	57.977934						
w558499539	42.310746	69.614969	Имам Ағзам мешіті					Улица Туркестанская, 100/1
w558849879	37.838598	58.906052						Bereket geňeşligi
w559352109	40.537562	71.704048	Sulton Orifiy jome' masjidi	Султон Орифий жоъме масжиди				Mulkobod
w560325460	38.173334	58.046276						
w561250894	40.704323	68.361069	додо Кыдир					Гүлістан
w561633759	37.518145	67.417973						
w561787769	37.830891	59.038322	Metjit					
w561939211	40.987038	71.046524	Imomquliboy jome' masjidi					
w562550417	40.122146	64.499771	Xoja Muhammad Orif Ar-Revgariy	Мемориальный комплекс Хужа Мухаммад Орифа ар-Ревгари				
w562584089	39.910648	64.266746						
w562693907	42.385250	69.552518						Улица Нұртау көшесі, 5
w564648556	42.301691	69.768420						Амира Тимура, 180
w565565488	37.647513	59.150476	Metjit					
w566166972	37.415077	56.492270	مسجد روستای باش کلاته					
w566166973	37.404627	56.369857	مسجد روستای اسپاخو					
w566206200	37.552291	59.325835	Metjit					
w566303747	40.316037	69.688266	Масчиди Водник					
w566353554	37.976720	58.258504						Mätäji köçesi
w566355196	37.982839	58.246203	Metjit					Ashgabat
w566408610	37.411186	62.169843						
w566830582	37.466816	59.415287	Metjit					
w567600081	37.680098	67.243605	Chizgal ota ziyoratgohi	Чилгаз ота				
w567840046	38.021023	58.230814						
w567846323	37.990600	58.288201	Öwez Molla Metjidi					Ashgabat
w569035220	37.448939	59.457177	Metjit					
w569187752	41.288473	69.679794	Besh kappa jome’ masjidi					
w569754271	41.210082	69.120245	Al-Iymon jome’ masjidi	Соборная мечеть Ал-Ийман				
w569829599	41.318088	69.174651	Мечеть	Мечеть	Мечеть	MOSQUE		Дурбека улица
w570487330	37.967566	58.214476						
w570661561	37.964940	58.205687	Baba Ali Mes Metjidi					Watan köçesi
w570661564	37.958841	58.203995	Halymberdi Işanyň Metjidi					
w570668127	37.958753	58.233000	Imam Reza Metjidi					Ashgabat
w570798642	37.362380	59.434126	Metjit					
w572201816	38.818758	65.820487						
w575099349	40.476459	68.795262	Abduxoliq G'ijdivoniy jom`e masjidi					
w575571367	37.341805	59.630379	Metjit					
w577156028	41.309545	61.101950	"Shopir" Jome masjidi					
w577952815	39.413700	67.236601	Мечеть					
w578247411	37.303315	59.774722	Metjit					
w578727526	41.044950	69.347908	To‘ytepa jome’ masjidi	Туйтепа				
w580241476	37.191451	60.023854	Metjit					
w581501764	41.258670	69.316816	Oq uy jome masjid	Ок уй мечеть				
w582189391	40.004156	71.174110	Masjid					
w582208264	37.850526	58.745111	Metjit					
w582783003	40.898015	71.470650	Qoʻchqor ota jome' masjidi					
w583028209	37.793555	58.725948	Metjit					
w584258643	39.750253	64.482582	Shohi Najaf jom`e masjidi	Соборная мечеть Шахи Наджаф	Shahi Najaf Cathedral Mosque			
w584526286	37.513677	57.481268	مسجد					
w584963880	37.698677	59.111086						
w586997757	38.683529	57.191945						
w587039388	37.369419	60.502627	Metjit					
w587768756	38.615054	68.779147						
w588389830	37.429492	60.322996	Metjit					
w589211851	40.252432	69.624154	Хочи Умар	Хочи Умар				
w589673754	43.037111	71.135289	Жамбыл ауданы орталық «Бәйдібек» мешіті					Абай көшесі, 173А
w589710437	39.780682	64.397109						
w589832467	41.298076	69.165155	Азиз Ота		Aziz Ota			
w590140892	40.442015	71.697510	Sarmazor jome' masjidi	Сармозорская мечень				
w591189674	42.429018	69.849891	Убайдулло Ота масжиди					улица Ибн Сина
w591189680	42.434719	69.856395	Мечеть Жалал баба					улица Жалал-Ата
w591614594	38.983289	65.670679	QUSAM OTA jom`e masjidi	Соборная мечеть КУЗАМ АТА	Cathedral Mosque KUZAM ATA			
w591667181	37.492398	60.261606	Metjit					
w591683829	38.927331	65.401708	jom`e masjidi	Соборная мечеть				
w591731949	40.420410	69.637718						
w591884070	42.321757	69.685020	Ерғаш қажы мешіті	Мечеть Эргаш кажы				Шымкент
w592712746	38.426839	67.913024	DOMLA MUHAMMAD SHARIF jom`e masjidi	Соборная мечеть ДОМЛА МУХАММАД ШАРИФ	Cathedral mosque DOMLA MUHAMMAD SHARIF			
w592712748	38.412374	67.953582	jom`e masjidi	Соборная мечеть				
w593403895	40.839873	68.541853	Ақ Мешіт					Ташкентская тр, улица
w594620485	41.332087	69.211505	Munavvar qori masjidi	Мунаввар кори	Munavvar qori masjidi			Алока улица
w596151601	38.399051	57.472685	Mahmut Işan Metjidi					Mollanepes köçesi
w596151618	38.391755	57.465600						
w600405504	42.975747	71.578232						
w601296564	42.809764	71.432848						
w601984551	38.495261	56.346022						
w601984554	38.495053	56.347682	Şih Şiýli Baba					
w604147862	41.279924	69.233250	Мечет Рахимжан-ата	Мечет Рахимжан-ата				Саади Сиражиддинова, 48
w604693434	39.683967	66.865019	Namozgoh jom`e masjidi	Соборная мечеть Намозгох	Namazgah Mosque			
w609070014	38.518431	68.243831	Масчид Алома					
w609854062	38.480676	68.593169	Новая Мечеть					
w609970122	37.951591	58.418402						Artyk Jallyýew (2119) köçesi
w612199302	41.634897	69.937403	Xo‘jakent jome’ masjidi	Ходжакет	Khojikent			
w614043943	39.665178	66.985154	Nuriddin Basir Mausoleum					
w614044909	39.663435	66.983315	Hazrati Xizr masjidi	Мечеть Хазрет-Хызр	Hazrat Khizr Mosque			
w615442024	39.644113	66.928778	Panjob masjidi	Мечеть Панджоб	Panjab Mosque			
w615444805	39.646269	66.975730	Xo'ja Nisbatdor masjidi	Мечеть Ходжа Нисбатдор	Khoja Nisbatdar Mosque			
w615445735	39.660688	66.977620	Maddohi Complex	Moddohiy majmuasi				Chorraha Street
w615445898	39.658990	66.978166	Dahbedi Complex					
w615446201	39.661609	66.978698	Khavasi Complex	Комплекс Аср Хавоси				
w615446506	39.661423	66.974134	Xo'ja Zudmurod jom`e masjidi	Соборная мечеть Хужа Зудмурад	Xo'ja Zudmurаd Mosque			Самарқанд шаҳар Чорраҳа кўча 81
w615494205	41.597476	69.875105	Xo‘jaxonto‘ra jome’ masjidi	Хожахонтора жоме мечеть				
w615889742	39.656075	66.980453	Makhdumi Khorezmi Mausoleum					
w616049014	39.654049	66.979289	Muslim Mausoleum					
w618269292	41.382464	69.266928						
w623149048	40.524828	72.791670	Холходжа эшон					Розияхон Моминовой көчөсү, 97а
w623344041	41.320055	69.180075	Масжид					Хамкор улица
w625102188	40.998836	71.684150	Xo‘ja Amin jome’ masjidi					Ko'zagarlik ko'chasi, 51
w626551265	39.772048	64.422589	Xo'ja Bulg'or masjidi	Мечеть Ходжа Булгор	Khodja Bulghor Mosque			
w626738417	39.768923	64.419737	Xo'ja Abdulloh Safedmo'y jom`e masjidi	Соборная мечеть Ходжа Абдуллах Сафеди Муй	Cathedral Mosque of Khoja Abdullah Safedi Mui	Xo'ja Abdulloh Safedmo'y jom`e masjidi		Бухоро шаҳар Арабон кўчаси 34
w626751248	39.771380	64.412488	мечеть Забиён Дабиён	мечеть Забиён Дабиён				
w626789526	39.773787	64.409523	мечеть Равгангарон	мечеть Равгангарон				
w626797422	39.772654	64.414531	Pochchoqul Xo'ja masjidi	Поччакул Хожа мечеть	Pochakul Khoja Mosque			
w627066470	39.777527	64.414189	Tagban Bofon jom`e masjidi	Соборная мечеть Тагбан Бофон	Cathedral Mosque Tagban Bofon			Бухоро шаҳар Тагбан Бофон кўчаси 47
w627067447	39.777517	64.415441		Мечеть Кози Калон				
w627072014	42.593666	59.542553	Imam Ishan jomie meshiti	Мечеть Имам Ишан жомеъ	Mosque Imam Ishan Zhome			
w627300406	39.777251	64.416974	Мечеть Хожахо	Мечеть Хожахо				
w627822531	38.387166	57.040605						
w628187995	40.270327	69.622195	Найсувор					
w628189309	40.272653	69.632436		Соборная мечеть Тути Калон		Tuti Kalon jom`e masjidi		
w628709142	40.288602	69.634613	Мечеть Сари баланди					
w628711229	40.283942	69.636305	Гумбаз кабуд					
w628939378	40.270627	69.651933	Давронхон					
w629086904	45.078846	64.681168	Иманқұл мешіті					
w629738181	40.214277	69.726168	Масчити Хочи Назар	Мечеть «Хаджи Назар»				кучаи Гастелло
w630066627	40.917909	73.002696						Пер. Кузнечная
w630143017	43.020607	59.359156	Suyin Iyshan meshiti	Мечеть Суйин Ийшан				
w630194575	40.723928	72.886404	Yunus Ali Oxun jome' masjidi	Мечеть Юнус Али Охун				Korxona ko'chasi, 24
w630194579	40.810137	72.972145	Xonobod jome' masjidi	Центральный мечеть города Ханабад				Хонобод кўчаси
w630495152	41.112781	69.099332	Gulbog‘ jome’ masjidi					
w630823598	39.901989	68.986363	Мечеть Сари Мазор					
w631171281	39.905380	68.986753	мечеть					
w632927513	41.312464	69.178508	Хазрати Умар	Хазрати Умар				
w641186084	41.232791	71.763777	Abdullox jome' masjidi					
w641523627	43.527329	68.581605	Мечеть					Хантагы
w641523633	43.526800	68.510384	Мечеть Абубакир кари					улица Шахтерская
w643458589	42.314906	59.128104						Köneürgenç
w643525600	40.233034	68.838944	Xovos jom`e masjidi					
w644974973	38.550298	68.812173	Мечеть Аэропорт					кӯчаи Титов
w647793189	42.546967	70.238025						
w651958055	37.478271	57.332679	مسجد انقلاب					
w653266919	40.947688	73.009923	Мечеть Абу Бакир Сиддик	Мечеть Абу Бакир Сиддик				
w653266920	40.942662	73.011310	Мечеть Байтур Рохман		Baitur Rokhman Mosque			
w657826852	37.331280	57.776084	مسجد امام علی روستای خادمی					
w658127423	40.163105	69.474266	Jome masjidi					
w660995475	42.387521	69.630770						Проспект Байдибек би, 126/2
w662437623	42.120500	69.908686						
w662443005	42.098481	69.888723						
w662591486	42.378159	69.313419						
w662598661	42.392417	69.240933						
w663316777	41.875495	58.635057						
w663834446	40.788769	68.315812	Мечеть Калдыкыз ана					улица Ескендирова
w663840942	40.783540	68.333745						
w663902606	42.979743	72.065617						
w663904647	42.877245	72.518901						
w663918750	42.823926	73.491172						
w665104899	40.902598	68.358210	Асық-Ата мешіті					ул Стаымбекова
w667871303	38.128318	57.949807						
w668389731	44.147260	68.469525	Мечеть Ногай Ишан	Мечеть Ногай Ишан				
w668909230	42.447340	68.809996	Әлтәйқызы Құралайқажы					1/2
w669953547	38.072475	58.020604						Hurmant Gökje
w670959634	40.250416	72.126038	масжид					Жданова улица
w672850441	38.596151	68.792951		Мечеть по имени Сари Осиё	Mosque Sari Osiyo			
w672920349	39.264977	63.179235						Dänew
w673398408	40.131421	63.456131						
w673894946	40.489883	68.811929	Tavxid jom`e masjidi	Соборная мечеть ТАВХИД	Cathedral Mosque TAVHID			Дўстлик ҚФЙ Хўжаназаров кўчаси 110
w674070670	42.045102	59.382637	Küteýbat ibn Muslim Metjidi					Aşyk Aýdyn köçesi
w674530054	38.496839	68.748429	Мечеть					
w674612512	38.466704	68.716932						
w674714383	40.231488	69.735166	Мечеть		Мечет			
w674767804	40.531989	72.791703						
w675709465	37.488115	57.306614						
w676297183	38.785820	63.873613	Ruhubelentlik Metjidi					Türkmenbaşy şaýoly
w676563309	41.838477	60.384413	Usmon Said bobo masjidi, masjid				УСМОН САИД БОБО	Gurlan
w676830054	41.295947	61.140625	Jome masjidi					
w676875216	41.663990	60.275956	Shox Obod jom`e masjidi	Соборная мечеть Шах Абад	Cathedral Mosque Shokh Abad			
w677293958	41.371563	60.601749						
w677419823	38.237118	57.968354	Abdyrahim Pir Mesjidi					
w678069215	41.323723	69.237511			Juma mosque			
w679184846	37.436769	57.300180	مسجد دانشگاه (مسجد الرضا)					
w679198957	37.452127	57.323005	مسجد دانشگاه					
w680210129	37.067790	58.535782	مسجد دانشگاه					
w680287724	37.461992	58.494158	امام باد					
w680352961	40.710673	72.048952	Namozgoh jome'masjidi	Мечеть Намозгох				Shahrixon shoh ko`chasi, 20
w681122819	40.752106	72.321191	Jalabek ota jome' masjidi	Джалабек ота собораная мечеть				
w682608921	40.596269	72.149187	Pastki Qurama jome' masjidi	Пастки курама улица				
w682969397	37.359565	58.384892	مسجد روستا		Masjed			
w686017665	41.061528	68.912081	Xuzayfo jome’ masjidi					30
w688101081	37.864622	68.920127						
w688101082	37.864711	68.920036						Sarband
w688111222	37.448238	69.310201						Сурхоб
w688112318	37.611831	69.706108						
w689667498	38.509229	68.176620	Масчид (Чкалов)					
w689852477	37.477086	57.342092	مسجد النبی					
w692694306	40.577274	73.493384						
w693109951	39.913988	66.310799	Abduraxmon ota jom`e masjidi	Соборная мечеть Абдурахман ата	Cathedral Mosque Abdurahman Ata			
w693960502	43.762853	69.566664						
w693962702	43.768828	69.612385						
w694276887	38.760680	58.492599						
w694766836	38.371441	57.501846	Seýit Ybrayym					
w696214118	40.764365	72.382493	Imom al-Buxoriy jome' masjidi					7
w696453186	38.920665	63.738743						
w696459805	39.028074	63.591423	Baş Metjit					Bitarap Türkmenistan şaýoly
w696786094	39.761111	64.403232	Xo'ja Ismat jom`e masjidi	Соборная мечеть ХОДЖА ИСМАТ	Khoja Ismat Mosque			Бухоро шаҳар Хўжа Исмат Бухорий кўчаси 60
w699821513	40.713463	72.061199	Muxammad Roziqboy jome' masjidi	Муҳаммад Розиқвой				Shahrixon shoh ko`chasi, 99
w700063740	40.482569	71.729220	Said Jalolxon to'ra jome' masjidi					
w700110299	40.404290	71.748425	Umm-al Quro jome' masjidi					
w700264677	40.237887	71.581079	Ho'ja Abdullo jome' masjidi					
w700301258	40.229421	71.552125	Sirli jome' masjidi					
w700840434	40.766678	72.973586	Axmadjon qori jome' masjidi	Ахмаджон қори				Навоий улица, 64
w701338416	40.832742	72.308991	Koʻktoʻnli ota jome' masjidi					
w702303321	40.697581	72.066326	Sulaymonbek jome' masjidi	Сулаймонбек				
w702373785	40.674273	72.066124	Nazar Maxram jome' masjidi	Назармаҳрам жомеъ масжиди				
w704531028	40.364002	71.425943						
w705324904	41.359666	69.345764	Xoji Turob o‘g‘li Abdulloh jome’ masjidi					Мусамухамедова улица
w706125391	42.355797	69.649236	Seitzhan Qari Eszhanuly Mosque					Шымкент
w706173409	42.183804	69.853972	Нур					Толе би, 2
w706198981	37.816137	56.494705						
w706352569	40.867157	71.354723	Toptiq Aziz jome' masjidi					
w70973241	41.033772	72.741445						
w70996114	41.029075	72.733221						
w711386016	40.984383	71.717789	Mavlono Aliyul qori jome' masjidi					Ashxobod ko'chasi, 5
w71272024	40.516783	72.761926						Мечит, 1
w713108263	40.918539	72.115788	Xaqqulobod jome' masjidi					
w713383910	42.287860	58.398238						
w713604586	41.611449	69.771122	Xovuzlik jome’ masjidi					
w713610076	38.515946	68.232538						
w713899830	40.775679	72.369897	Xazrati Bilol jome' masjidi	Мечеть Хазрати Билол				Qoʻqon ko'chasi, 6
w717289297	42.646517	59.321035	Bektemir Iyshan meshiti	Мечеть Бектемир Ийшан				
w717777118	41.188381	71.721004	Beshbuloq jome' masjidi					
w722224721	41.041950	71.668904	Hazrati Bilol jome’ masjidi					Yuqori Bogishamol koʻchasi, 21
w723236303	37.536691	57.309726	مسجد فاز ۲ شهرک گلستان					
w723769587	37.845142	69.738033	Graveyard memorial					
w727252490	39.974537	70.567575	Масҷиди панҷвақтаи маҳаллаи Сари Ҳисор					
w727273890	39.975420	70.569778	Масҷиди панҷвақтаи маҳаллаи Сари Бозор	Пяты кратная мечеть квартал Сари Бозор				
w727273891	39.973238	70.576577	Масҷиди ҷомеи Ҳазрати Шоҳ	Соборная мечеть Хазрати Шох				
w727274808	39.975309	70.548560						
w727278597	39.983181	70.566677	Масҷиди панҷвақтаи маҳаллаи Фирдавсӣ	Пяты кратная мечеть квартал Фирдавси				
w727279890	39.980418	70.561804	Масҷиди ҷомеи Хоҷа Устози Валӣ	Соборная мечеть Ходжа Устози Вали				
w728839742	43.019046	60.294143	Xalıq meshiti	Мечеть Халык				
w729544895	37.246242	67.317688						
w729555888	39.395311	68.537336		Соборная мечеть		jom`e masjidi		
w729721641	42.609980	70.053988						
w732438528	39.669752	66.852193	DARG'OM jom`e masjidi	Соборная мечеть ДАРГОМ	Cathedral mosque DAMGOM			Самарқанд шаҳар Кимёгарлар шахарчаси Зиёлилар кўча 25-А
w732965055	37.409382	68.651965						
w732965056	37.409304	68.651700						
w733349047	42.391573	59.595077	Erejep biy baba meshiti	Мечеть Ережеп бий	Mosque Erejep biy baba			Kók saray kóshesi, 34 А
w734761618	37.822004	68.826294						
w737039113	40.528904	69.025943	Islomobod jom'e masjidi					Деҳқонобод ШФЙ, А.Яссавий МФЙ
w737065448	40.594930	69.013072	Isoxonto'ra jom'e masjidi					Бешбулоқ ҚФЙ, Дўстлик кўчаси
w737090410	42.540786	59.530755	Kamal axun meshiti	Мечеть Камал ахун				
w738054224	37.791361	68.681529	Мечать села Хосилот					
w738479537	37.496351	68.534293						
w738956469	40.160012	69.449709	Мечет					
w740140498	37.107843	70.553161	مسجد حضرت خبیب					
w740661702	40.109905	70.847996	Главный Мечет					Чек
w740726679	39.220952	71.199768						
w741952187	40.159495	70.820513						
w742278898	40.190743	69.833525						Арка 1
w742426971	40.201189	69.882471						
w742434120	40.197966	69.887597						
w742774092	40.263473	72.601788	Муйдин кори мечити					
w743056936	39.961789	70.492796						
w745640393	40.114519	70.855018						Чек
w746347161	40.265515	72.606420	Масжид					Мамарахимова улица, 11а
w747091029	37.723751	68.820218						
w747091034	37.723681	68.820329						
w747091035	37.723774	68.820266						
w747091036	37.723865	68.820190						
w747225484	44.137075	66.977647	Сығанақ мечеть					Аралбаев, 5
w747448716	37.975023	68.676012						
w747448717	37.975037	68.676001						
w747837421	37.659749	68.618066						
w747865419	40.291734	72.185529						
w747881508	37.598545	62.179074	Metjid					
w747927982	37.722349	68.665350						
w747927983	37.722348	68.665346						
w749013929	37.350345	68.688242						
w749013930	37.350342	68.688225						
w749130339	37.430082	68.514802						
w749273049	39.273721	65.146708	XO'JA ABDULLOH IBN MUBORAK jom`e masjidi	Соборная мечеть ХУЖА АБДУЛЛОХ ИБН МУБАРЕК	Cathedral Mosque of KHUZHA ABDULLOH IBN MUBAREK			Муборак шаҳар, А.Навоий МФЙ, Маданият кўчаси, 1
w749622694	37.595092	68.645684	Масчити Чумъа					
w750048570	44.223182	66.737531						
w751053262	37.830648	67.590749	SHOX MASHRAB jom`e masjidi	Соборная мечеть ШАХ МАШРАБ	Cathedral Mosque SHAH MASHRAB			
w751066120	37.602355	68.661842						
w751066121	37.602357	68.661814						
w753131340	37.947263	68.814305						
w753353314	37.387693	57.946957	امیرالمومنین					
w753688456	37.927001	68.792694						
w754244513	40.270424	72.634103	МЕДРЕСЕ					
w754244529	40.270718	72.616154						
w754450270	40.261941	72.627240	НУСРАТИЛЛО КОРИ					
w754450271	40.262276	72.627239	МЕДРЕСЕ НУСРАТИЛЛО					
w754690115	41.396332	71.786113	Said abu Qalandar at-Termiziy jome' masjidi					
w754703483	37.946155	68.780956						
w754890498	40.266891	72.608509	Беш капа					
w755021632	40.274534	72.601788						Мамарахимова улица, 88
w755366465	40.259654	72.627337	ЭШОНЛАР					
w755754479	38.876193	58.452483						
w755771327	38.294631	64.363899						Zelili adyndaky geňeşlik
w758595915	41.134100	61.387117						
w759000725	41.721004	64.530988	TOMDI MESHET jom`e masjidi	Соборная мечеть ТОМДИ МЕШЕТ	Cathedral mosque TOMDI MESHET			Томди тумани Томдибулоқ МФЙ
w759751108	38.711492	56.334697						
w760484879	39.055415	66.831142	Ишан-пир-кадийская мечеть					
w761150876	41.912974	60.380408						
w761690460	42.640662	59.474430	Imamatdin Iyshan meshiti	Мечеть Имаматдин Ийшан				
w764487682	38.297939	56.327112						
w765289483	38.633031	56.607005						Hasar geňeşligi
w766556196	40.999093	71.966989	Baytul muqaddas jome' masjidi					
w771336520	42.383637	69.262341						
w771409734	43.556933	68.106448						
w771597885	40.303403	69.627058	Nuri Islom					
w773848935	40.454164	71.735050	Sahobai Zayd Binni Xorisa jome' masjidi					Bobur ko'chasi, 1a
w775377630	41.037036	71.589719	Imomi A’zam jome’ masjidi					
w777543508	40.083289	64.775182	Soktari jom`e masjidi	Соборная мечеть Соктари	Soktari Cathedral Mosque			
w777543535	40.139650	64.801551		Соборная мечеть Хужалар	Cathedral mosque Khuzhalar			
w779202292	37.069515	58.538068	نمازخانه					
w781773458	39.680326	66.988356						
w790949485	41.317234	69.251022	Orifjonboy Masjidi	Арифджанбай	Arifjanbay			
w798091002	42.639622	59.318836	Imam Iyshan meshiti	Мечеть Имам Ийшан				
w798764876	40.430346	68.280124	Gulzor jom'e masjidi	Cоборная мечеть Гулзар	Gulzar Cathedral Mosque			Гулзор ҚФЙ, Бирлик МФЙ, Истиқлол кўч.
w798764878	40.400120	68.570997	Abu Dardo jom'e masjidi	Соборная мечеть Абу Дардa	Abu Darda Cathedral Mosque			Баҳористон ҚФЙ, У.Носир кўч. 1
w798764882	40.415148	68.481189	Hazrati Usmon jom'e masjidi	Cоборная мечеть Хазрати Усман	Hazrat Usman Cathedral Mosque			Навбаҳор ҚФЙ, Улуғбек кўчаси
w798789930	39.525155	63.855544	Qobul ota jom`e masjidi	Соборная мечеть Кабул ота	Cathedral mosque Kabul ota			
w799214588	40.052283	70.632447						
w799518805	37.708940	61.775312						Egrigüzer geňeşligi
w800174378	40.060179	64.253213	Boboarab jom`e masjidi	Соборная мечеть Бобоараб	Cathedral mosque Boboarab			Пешку туман Шавгон МФЙ Шавгон қишлоғи
w801007527	37.849824	68.797861	Масчити Ламанос					
w802332598	37.081454	69.305607						
w802332610	37.120504	69.345417						
w802588526	37.508820	61.823158						Saparmyrat Turkmenbaşy şaherçesi
w804919904	37.411975	60.436841						
w807869646	40.474132	71.722435	Ziyo jome' masjidi					
w807869678	40.479619	71.723526	Shirmonpazlik jome' masjidi					Ibn Sino ko'chasi, 72
w808712608	40.079831	70.798334						
w810152432	37.029324	70.374553						
w813517199	38.221322	58.010200						Ahal geňeşligi
w815947793	40.369851	71.418400	To'ra Dada Masjidi					
w820202237	45.765706	62.104339						
w823841499	40.466157	71.689298	Ал-Бухарий					
w824626546	43.675507	71.149250	Мешіт					
w824629969	43.710528	71.101973						
w824640423	43.883647	70.514853						
w824640429	43.884831	70.515508		Мечеть-медресе Абдулла Ишана				
w826478213	40.628680	71.168398	Poshshopirim jome' masjidi					
w828575697	38.856389	63.885241						
w828822048	40.553004	72.237658	Polvontosh jome' masjidi	Полвонтош				
w833571937	40.466384	71.689241	Ал-Бухарий					
w833727083	41.410528	69.401942	O'tkir jome' masjidi					
w835399935	37.566715	61.085245						
w836477619	41.248232	69.165500	Abu Saxiy masjid	Abu Saxiy мечеть	Abu Saxiy mosque			Bunyodkor shoh ko'chasi, 156Б
w836633040	39.772537	64.408879	Koʻkaldosh Masjidi	Мечеть Кукалдош	Kukaldosh Mosque	Koʻkaldosh Masjidi		Buxoro
w836984784	37.812362	68.646101	Масчиди калони уч. Фрунзе					
w839348145	37.656114	56.092954	مسجد بلال					
w839348148	37.655847	56.093423						
w843545437	37.813052	68.725274	Масчиди маҳаллаи Навкор					
w844722393	43.296049	68.270936						Туркестан
w844722394	43.295884	68.270624						Туркестан
w846884826	43.518008	68.484510	Балаби Медресе					переулок Шакарима, 92
w846893031	43.372878	68.481317						
w854122809	41.380074	69.135049	Рамадан жоме масжиди					У.Келесбоев 2 тор кўча
w85641234	41.238898	69.321892	Qo‘yliq-ota	Куйлюк-ота				Истиқбол кўчаси, 4-проезд, 2
w859682616	40.354841	68.264413	Yangi qishloq jom'e masjidi	соборная мечеть				Янгиқишлоқ ҚФЙ, Ойқор чўққиси кўч. 18/1.
w860997624	40.796137	70.945088	Xolmatboy jome' masjidi					
w864123967	38.488549	57.304507						
w864285562	41.331129	69.231500						
w866500350	40.261126	72.132020	мечеть					Кызыл-Кия
w866662428	40.929336	71.901865	Gʻoib Buva jome' masjidi					
w875082139	37.844887	68.769114						
w875318078	39.192844	69.254468			Dehkalon Mosque			
w875831638	40.923419	65.629132	BEKKET O'G'LI XO'JABEK jom`e masjidi	Соборная мечеть БЕККЕТ УГЛИ ХУЖАБЕК	Cathedral mosque BEKKET UGLI KHOJABEK			Конимех тумани «Сарибел»МФЙ Газгон кишлоги
w875877131	40.176864	65.115753	Armiijon jom`e masjidi	Соборная мечеть АРМИЖОН	Armijon Mosque			Навбахор т. Зарафшон МФЙ
w875877135	40.216603	65.388757	Shayx Abul Hasan Xarakoniy jom`e masjidi	Соборная мечеть ШЕЙХ АБУЛ ХАСАН ХАРАКОНИ	Shayx Abul Hasan Xarakoniy Mosque			Навбахор т. калканота кургони Навбохор МФЙ
w875880963	40.145854	65.308547	XO'JA SABR OTA jom`e masjidi	Соборная мечеть ХУЖА САБР АТА	Cathedral Mosque KHUZHA SABR ATA			129
w876554340	38.542034	68.742036	Масчиди ДОАРЗ					
w878061062	38.595876	68.763340	Масҷиди ҷомеи Душанбе "Қатар"					кӯчаи Карамов
w878090004	38.542818	68.866640	Масҷид бо номи Мавлоно Ёқуби Чархӣ					
w878100015	40.509826	71.086834	Muhammad Jahongirxon Goziy jome' masjidi					
w878142912	42.386335	59.630929	Allax berdi Aziz meshiti	Мечеть Аллах берди Азиз	Mosque Allah Berdi Aziz			Toshabbus kóshesi, 2
w879099702	38.589304	68.747192	Мечеть					
w883428676	40.426983	71.721131	Abdulloh ibn Umar jome' masjidi					Yangi Fargʻona koʻchasi, 73-75
w885059946	40.335058	67.246398	Katta Bog'don jom'e masjidi	соборная мечеть				Фориш тумани Каттабоғдон қишлоғи
w885481909	40.400204	71.781469	Xo'jamberdiboy jome' masjidi					Hidoyat koʻchasi, 157
w885545475	40.373256	67.278594	Osmonsoy jom'e masjidi					
w885788826	40.836662	73.268709	Молдо Эрназар					Мамат Анарбаев көчөсү
w891073710	40.100749	65.714560	Oq Masjid jom`e masjidi	Соборная мечеть ОК МАСЧИД	White Mosque			Хатирчи тумани Богчакалон МФЙ
w891073723	40.079807	65.908119	Galabek jom`e masjidi	Соборная мечеть ГАЛАБЕК	Galabek Mosque			Хатирчи тумани Ш.Рашидов МФЙ
w891073733	40.100913	65.797445	Xo'jaqul Eshon jom`e masjidi	Соборная мечеть ХУДЖАКУЛ ЭШОН	Khudjakul Eshon Mosque			Хатирчи тумани Э.Абдиев МФЙ
w891073737	40.096921	65.802621	Novja jom`e masjidi	Соборная мечеть НОВЖА	Novja Mosque			Хатирчи тум. Э.Абдиев МФЙ
w891205353	40.089943	65.841714	Sufi Olloyor jom`e masjidi	Соборная мечеть СУФИ АЛЛАЯР	Sufi Olloyor Mosque			Хатирчи тумани М.Улугбек МФЙ
w891426346	38.836850	65.833832	ARALOVUL jom`e masjidi	Соборная мечеть АРАЛОВУЛ	Cathedral Mosque ARALOVUL			Қарши шаҳар, Араловул МФЙ, Намуна кўчаси, 9
w893694409	40.148416	67.762272	jom'e masjid	соборная мечеть				Ш.Рашидов тумани, Куёвбоши маҳалласи
w895403487	41.095167	68.691915						Алдан Тұралимов
w895623965	41.095345	68.685853	Кобен Ешан					Жамбыла Жабаева
w896724767	40.448382	71.727014	To'rtko'l jome' masjidi					Ipak yo'li ko'chasi, 354
w901133809	39.905128	67.680812	jom'e masjid	соборная мечеть				Ғаллаорол тумани Булоқбоши ҚФЙ Авлиё қишлоғи
w902688319	40.462635	71.711251	Jo'ra Olmon jome' masjidi					M.Turgunboeva ko'chasi, 57
w902806435	40.483178	71.653597	G'anijon ota jome' masjidi					
w903225189	40.470740	71.743073	Poshshoxo'ja Eshonbuva jome' masjidi					Ipakchi ko'chasi, 9a
w907284671	41.409555	69.461277	Dorul omon jome' masjidi					
w907484907	41.042006	73.013102						Жалал-Абад
w907484908	41.042097	73.013321						Жалал-Абад
w907486087	41.041654	73.001514	Жума мечеть					Жалал-Абад
w907486088	41.041649	73.001203	Жума мечеть					Жалал-Абад
w907615049	39.937424	68.237227	jom'e masjid	соборная мечеть				Зомин тумани, Аччи қишлоғи
w909308056	40.183774	71.663501						
w909342048	41.033474	73.120610						Калмамат калбердиев
w909342049	41.046051	73.132833	жаны куч мечити					
w909504528	41.460890	71.603630						Курманбай, 41
w910756159	39.107828	65.425429	XITOY jom`e masjidi	Соборная мечеть ХИТОЙ	Cathedral Mosque HITOY			Муборак тумани, Ободтурмуш МФЙ, Зормамат кўчаси, 43
w912537699	38.342053	67.914115	Muhammadqul jom`e masjidi	Соборная мечеть МУХАММАДКУЛ	Muhammadqul Mosque			Денов туман Бобур СИУ Дўстлик маҳалласи
w912537708	38.366979	67.689052	Fayzobod jom`e masjidi	Соборная мечеть ФАЙЗАБАД	Fayzobod Mosque			Денов туман А.Ҳидоятов СИУ Файзобод маҳалласи
w913103319	39.925054	71.219277	Kaspedon masjidi					
w915107987	39.420812	67.207085	URGUT jom`e masjidi	Соборная мечеть УРГУТ	Cathedral Mosque URGUT		УРГУТ жомъе масжиди	
w916118961	41.191227	71.497010	Islomobod jome' masjidi					
w917395583	41.460381	69.606373	Qoravoy ota jome’ masjidi					
w931388396	39.432598	66.413420	jom'e masjid	соборная мечеть				Нуробод тумани Жом МФЙ
w933304742	37.006275	66.610572						
w933810838	38.750777	69.440329						
w934315213	38.060026	69.863408						
w936811070	41.315762	69.855929						
w938201638	37.236132	58.223504	مسجد آل یاسین					
w938201648	37.233575	58.216467	مصلی فاروج					
w940794149	39.923174	69.499760						
w946166060	38.179193	67.035921	Qadimiy Darband jom`e masjidi	Соборная мечеть КАДИМИЙ ДАРБАНД	Kadami Darband Mosque		ҚАДИМИЙ ДАРБАНД жомъе масжиди	Бойсун туманиСангчил мфй
w946583750	39.227664	66.911647						
w946848114	37.225147	65.258004						
w95071036	37.454883	59.113504	قدمگاه		Ghadamgah			
w95071316	37.432697	59.112831						
w953289560	41.041844	73.044965	76					
w95639944	41.323748	69.237141	Ходжа Ахрор Вали	Ходжа Ахрор Вали	Khoja Ahror Valiy			
w957494989	44.176998	66.745796	Нур Иман					Нуркеева, 2
w961874419	37.951296	58.192364						Köpetdag şaýoly
w961920749	39.346978	68.057095						
w962143742	38.069762	58.157531	Şeýh Ahmet Aliýar metjidi					
w962145571	38.211324	58.063290	Patşa Hojam Metjidi					
w962219516	39.351519	68.050496						
w965186296	37.262916	56.824475	امامزاده ابراهیم دربند					
w966249901	41.424084	69.181491	Hazrati Bilol jome’ masjidi					
w968135364	40.231458	69.735647						
w968139005	41.338914	69.227589	Ibroximboy va Orifjonboy	Иброхимбой ва Орифжонбой мечеть	Ibroximboy va Orifjonboy mosque			Hurriyat ko'cha, 25
w968696966	41.265077	69.195610	Oltinxontora Masjid	Oltinxontora ​Мечеть				Токзор кўчаси 17
w968702230	38.828414	65.629541	CHORGUMBAZ jom`e masjidi	Мечеть Чор Гумбаз	Cathedral Mosque CHORGUMBAZ			Қарши тумани, Кахлак МФЙ, Кахлак қишлоғи
w968709797	39.038683	66.675566	Тезоб-ота					
w969745046	41.266400	71.545328	Sadpiri Komil jome' masjidi	Садпири Комил Жоме Маcжид				Guliston
w970897500	41.238676	69.133179						
w971073770	41.339713	69.235903						2a
w972556533	41.229273	69.196103	Niyozmat ota jome’ masjidi					
w974532345	39.637264	66.968445	Namozgoh jom`e masjidi	Соборная мечеть НАМАЗГАХ	Namazgah Mosque			Самарқанд шаҳар Хўжа Аҳрори вали кўча 27-а уй
w975927951	39.649214	66.970763	Xo'ja Imom masjidi	мечеть Ходжа Имом	Khodja Imam Mosque			
w975981700	39.647165	66.970187	Мечеть Накшин	Мечеть Накшин	Naqshin mosque			
w976595736	42.194989	69.807043						Султанрабат
w976644931	41.305842	69.099115	Salmon Forsiy jome’ masjidi					
w977798289	41.219675	69.105126	Imom al-Buxoriy jome’ masjidi					
w982206779	41.289993	69.245794	Rakat jome masjidi	Ракат	Rakat			Abdulla Avloni ko'chasi, 20
w986338170	42.410435	68.805776						
w990259148	40.398936	67.910272	jom'e masjid	соборная мечеть				Олмазор маҳалласи, Бунёдкор кўчаси
w990428473	38.725932	69.320463						
w990438294	38.718656	69.320256						
w990845665	40.925965	72.965684						
w991392060	40.955079	73.019162						
w993232955	40.930237	72.975195	Айти мечит					Жусуп Абдрахманов көчөсү
w995778439	40.945812	72.970774						
w995791326	40.927952	72.969058						
w995791336	40.925342	72.967864						
w995821849	40.909873	72.940401	Абу Аюб Ал Ансари					
w995833568	40.925139	72.969314	Казыят					
w996593506	40.897160	72.910978						
w996593535	40.901886	72.910219						
w996600974	40.891840	72.893728						
w996863361	40.900772	72.923970	Абу Ханифа мечити					Хусанов Ибрагим көчөсү, 15
w997086602	40.920746	72.973452						Кочкоров Кимсанбай көчөсү
w997978337	42.465904	59.636901	Sálmen-Ata Iyshan meshiti	Мечеть Салмен-Ата Ийшан	Salmen-Ata Iyshan Mosque			Nókis
w997979328	42.515501	59.603497						A. Dosnazarov gúzarı, 319 А
w997979578	42.467381	59.562892	Shayx Muhammed Sadıq Muhammed Yusuf meshiti	Мечеть Шейх Мухаммед Садык Мухаммед Юсуф	Sheikh Mohammed Sadiq Mohammed Yusuf Mosque			Nókis
w99844939	41.363683	69.317474	Yunusobod-Oqtepa masjidi	мечеть Юнусабад-Актепа				Chinobod ko'chasi
w999069126	40.088637	69.572493	mosque					
w999341135	40.923951	72.986317	Хазрат Билал мечити					Низомий көчөсү
w999341136	40.923952	72.986685	Хазрат Билал мечити					Низомий көчөсү
w999341137	40.923606	72.986270	Хазрат Билал мечити					Низомий көчөсү